Time, Num Carriers, CC CE, CC RE, #H C , #El C, #Ex C, #Ex D
0.000000, 0, 0, 0, 0, 0, 1, 0 
0.000000, 0, 0, 0, 0, 0, 2, 0 
0.000000, 0, 0, 0, 0, 0, 3, 0 
0.000000, 2, 0, 0, 0, 0, 3, 1 
0.000000, 2, 0, 0, 0, 0, 4, 1 
0.000000, 2, 0, 0, 0, 0, 5, 1 
0.000000, 2, 0, 0, 0, 0, 6, 1 
0.000000, 4, 0, 0, 0, 0, 6, 2 
0.000000, 4, 0, 0, 0, 0, 7, 2 
0.000000, 6, 0, 0, 0, 0, 7, 3 
0.000000, 6, 0, 0, 0, 0, 8, 3 
0.000000, 6, 0, 0, 0, 0, 9, 3 
0.000000, 6, 0, 0, 0, 0, 10, 3 
0.000000, 6, 0, 0, 0, 0, 11, 3 
0.000000, 8, 0, 0, 0, 0, 11, 4 
0.000000, 8, 0, 0, 0, 0, 12, 4 
0.000000, 8, 0, 0, 0, 0, 13, 4 
0.000000, 8, 0, 0, 0, 0, 14, 4 
0.000000, 10, 0, 0, 0, 0, 14, 5 
0.000000, 10, 0, 0, 0, 0, 15, 5 
0.000000, 10, 0, 0, 0, 0, 16, 5 
0.000000, 12, 0, 0, 0, 0, 16, 6 
0.000000, 12, 0, 0, 0, 0, 17, 6 
0.000000, 14, 0, 0, 0, 0, 17, 7 
0.000000, 14, 0, 0, 0, 0, 18, 7 
0.000000, 14, 0, 0, 0, 0, 19, 7 
0.000000, 16, 0, 0, 0, 0, 19, 8 
0.000000, 16, 0, 0, 0, 0, 20, 8 
0.000000, 16, 0, 0, 0, 0, 21, 8 
0.000000, 16, 0, 0, 0, 0, 22, 8 
0.000000, 18, 0, 0, 0, 0, 22, 9 
0.000000, 18, 0, 0, 0, 0, 23, 9 
0.000000, 18, 0, 0, 0, 0, 24, 9 
0.000000, 18, 0, 0, 0, 0, 25, 9 
0.000000, 18, 0, 0, 0, 0, 26, 9 
0.000000, 20, 0, 0, 0, 0, 26, 10 
0.000000, 20, 0, 0, 0, 0, 27, 10 
0.000000, 22, 0, 0, 0, 0, 27, 11 
0.000000, 22, 0, 0, 0, 0, 28, 11 
0.000000, 24, 0, 0, 0, 0, 28, 12 
0.000000, 24, 0, 0, 0, 0, 29, 12 
0.000000, 24, 0, 0, 0, 0, 30, 12 
0.000000, 24, 0, 0, 0, 0, 31, 12 
0.000000, 26, 0, 0, 0, 0, 31, 13 
0.000000, 26, 0, 0, 0, 0, 32, 13 
0.000000, 28, 0, 0, 0, 0, 32, 14 
0.000000, 28, 0, 0, 0, 0, 33, 14 
0.000000, 30, 0, 0, 0, 0, 33, 15 
0.000000, 30, 0, 0, 0, 0, 34, 15 
0.000000, 32, 0, 0, 0, 0, 34, 16 
0.000000, 32, 0, 0, 0, 0, 35, 16 
0.000000, 34, 0, 0, 0, 0, 35, 17 
0.000000, 34, 0, 0, 0, 0, 36, 17 
0.000000, 36, 0, 0, 0, 0, 36, 18 
0.000000, 36, 0, 0, 0, 0, 37, 18 
0.000000, 36, 0, 0, 0, 0, 38, 18 
0.000000, 36, 0, 0, 0, 0, 39, 18 
0.000000, 36, 0, 0, 0, 0, 40, 18 
0.000000, 38, 0, 0, 0, 0, 40, 19 
0.000000, 38, 0, 0, 0, 0, 41, 19 
0.000000, 38, 0, 0, 0, 0, 42, 19 
0.000000, 40, 0, 0, 0, 0, 42, 20 
0.000000, 40, 0, 0, 0, 0, 43, 20 
0.000000, 40, 0, 0, 0, 0, 44, 20 
0.000000, 40, 0, 0, 0, 0, 45, 20 
0.000000, 42, 0, 0, 0, 0, 45, 21 
0.000000, 42, 0, 0, 0, 0, 46, 21 
0.000000, 42, 0, 0, 0, 0, 47, 21 
0.000000, 42, 0, 0, 0, 0, 48, 21 
0.000000, 44, 0, 0, 0, 0, 48, 22 
0.000000, 44, 0, 0, 0, 0, 49, 22 
0.000000, 44, 0, 0, 0, 0, 50, 22 
0.000000, 44, 0, 0, 0, 0, 51, 22 
0.000000, 44, 0, 0, 0, 0, 52, 22 
0.000000, 44, 0, 0, 0, 0, 53, 22 
0.000000, 44, 0, 0, 0, 0, 54, 22 
0.000000, 46, 0, 0, 0, 0, 54, 23 
0.000000, 46, 0, 0, 0, 0, 55, 23 
0.000000, 46, 0, 0, 0, 0, 56, 23 
0.000000, 46, 0, 0, 0, 0, 57, 23 
0.000000, 46, 0, 0, 0, 0, 58, 23 
0.000000, 46, 0, 0, 0, 0, 59, 23 
0.000000, 46, 0, 0, 0, 0, 60, 23 
0.000000, 46, 0, 0, 0, 0, 61, 23 
0.000000, 46, 0, 0, 0, 0, 62, 23 
0.000000, 46, 0, 0, 0, 0, 63, 23 
0.000000, 46, 0, 0, 0, 0, 64, 23 
0.000000, 48, 0, 0, 0, 0, 64, 24 
0.000000, 48, 0, 0, 0, 0, 65, 24 
0.000000, 50, 0, 0, 0, 0, 65, 25 
0.000000, 50, 0, 0, 0, 0, 66, 25 
0.000000, 50, 0, 0, 0, 0, 67, 25 
0.000000, 50, 0, 0, 0, 0, 68, 25 
0.000000, 52, 0, 0, 0, 0, 68, 26 
0.000000, 52, 0, 0, 0, 0, 69, 26 
0.000000, 54, 0, 0, 0, 0, 69, 27 
0.000000, 54, 0, 0, 0, 0, 70, 27 
0.000000, 56, 0, 0, 0, 0, 70, 28 
0.000000, 56, 0, 0, 0, 0, 71, 28 
0.000000, 58, 0, 0, 0, 0, 71, 29 
0.000000, 58, 0, 0, 0, 0, 72, 29 
0.000000, 58, 0, 0, 0, 0, 73, 29 
0.000000, 58, 0, 0, 0, 0, 74, 29 
0.000000, 58, 0, 0, 0, 0, 75, 29 
0.000000, 58, 0, 0, 0, 0, 76, 29 
0.000000, 58, 0, 0, 0, 0, 77, 29 
0.000000, 60, 0, 0, 0, 0, 77, 30 
0.000000, 60, 0, 0, 0, 0, 78, 30 
0.000000, 60, 0, 0, 0, 0, 79, 30 
0.000000, 62, 0, 0, 0, 0, 79, 31 
0.000000, 62, 0, 0, 0, 0, 80, 31 
0.000000, 62, 0, 0, 0, 0, 81, 31 
0.000000, 64, 0, 0, 0, 0, 81, 32 
0.000000, 64, 0, 0, 0, 0, 82, 32 
0.000000, 64, 0, 0, 0, 0, 83, 32 
0.000000, 66, 0, 0, 0, 0, 83, 33 
0.000000, 66, 0, 0, 0, 0, 84, 33 
0.000000, 68, 0, 0, 0, 0, 84, 34 
0.000000, 68, 0, 0, 0, 0, 85, 34 
0.000000, 68, 0, 0, 0, 0, 86, 34 
0.000000, 70, 0, 0, 0, 0, 86, 35 
0.000000, 70, 0, 0, 0, 0, 87, 35 
0.000000, 72, 0, 0, 0, 0, 87, 36 
0.000000, 72, 0, 0, 0, 0, 88, 36 
0.000000, 72, 0, 0, 0, 0, 89, 36 
0.000000, 74, 0, 0, 0, 0, 89, 37 
0.000000, 74, 0, 0, 0, 0, 90, 37 
0.000000, 76, 0, 0, 0, 0, 90, 38 
0.000000, 76, 0, 0, 0, 0, 91, 38 
0.000000, 76, 0, 0, 0, 0, 92, 38 
0.000000, 78, 0, 0, 0, 0, 92, 39 
0.000000, 78, 0, 0, 0, 0, 93, 39 
0.000000, 78, 0, 0, 0, 0, 94, 39 
0.000000, 80, 0, 0, 0, 0, 94, 40 
0.000000, 80, 0, 0, 0, 0, 95, 40 
0.000000, 80, 0, 0, 0, 0, 96, 40 
0.000000, 82, 0, 0, 0, 0, 96, 41 
0.000000, 82, 0, 0, 0, 0, 97, 41 
0.000000, 84, 0, 0, 0, 0, 97, 42 
0.000000, 84, 0, 0, 0, 0, 98, 42 
0.000000, 84, 0, 0, 0, 0, 99, 42 
0.000000, 84, 0, 0, 0, 0, 100, 42 
0.000000, 84, 0, 0, 0, 0, 101, 42 
0.000000, 84, 0, 0, 0, 0, 102, 42 
0.000000, 84, 0, 0, 0, 0, 103, 42 
0.000000, 86, 0, 0, 0, 0, 103, 43 
0.000000, 86, 0, 0, 0, 0, 104, 43 
0.000000, 88, 0, 0, 0, 0, 104, 44 
0.000000, 88, 0, 0, 0, 0, 105, 44 
0.000000, 90, 0, 0, 0, 0, 105, 45 
0.000000, 90, 0, 0, 0, 0, 106, 45 
0.000000, 90, 0, 0, 0, 0, 107, 45 
0.000000, 90, 0, 0, 0, 0, 108, 45 
0.000000, 92, 0, 0, 0, 0, 108, 46 
0.000000, 92, 0, 0, 0, 0, 109, 46 
0.000000, 94, 0, 0, 0, 0, 109, 47 
0.000000, 94, 0, 0, 0, 0, 110, 47 
0.000000, 94, 0, 0, 0, 0, 111, 47 
0.000000, 96, 0, 0, 0, 0, 111, 48 
0.000000, 96, 0, 0, 0, 0, 112, 48 
0.000000, 98, 0, 0, 0, 0, 112, 49 
0.000000, 98, 0, 0, 0, 0, 113, 49 
0.000000, 100, 0, 0, 0, 0, 113, 50 
0.000000, 100, 0, 0, 0, 0, 114, 50 
0.000000, 100, 0, 0, 0, 0, 115, 50 
0.000000, 100, 0, 0, 0, 0, 116, 50 
0.000000, 102, 0, 0, 0, 0, 116, 51 
0.000000, 102, 0, 0, 0, 0, 117, 51 
0.000000, 102, 0, 0, 0, 0, 118, 51 
0.000000, 102, 0, 0, 0, 0, 119, 51 
0.000000, 102, 0, 0, 0, 0, 120, 51 
0.000000, 104, 0, 0, 0, 0, 120, 52 
0.000000, 104, 0, 0, 0, 0, 121, 52 
0.000000, 106, 0, 0, 0, 0, 121, 53 
0.000000, 106, 0, 0, 0, 0, 122, 53 
0.000000, 106, 0, 0, 0, 0, 123, 53 
0.000000, 108, 0, 0, 0, 0, 123, 54 
0.000000, 108, 0, 0, 0, 0, 124, 54 
0.000000, 110, 0, 0, 0, 0, 124, 55 
0.000000, 110, 0, 0, 0, 0, 125, 55 
0.000000, 110, 0, 0, 0, 0, 126, 55 
0.000000, 110, 0, 0, 0, 0, 127, 55 
0.000000, 112, 0, 0, 0, 0, 127, 56 
0.000000, 112, 0, 0, 0, 0, 128, 56 
0.000000, 112, 0, 0, 0, 0, 129, 56 
0.000000, 112, 0, 0, 0, 0, 130, 56 
0.000000, 112, 0, 0, 0, 0, 131, 56 
0.000000, 114, 0, 0, 0, 0, 131, 57 
0.000000, 114, 0, 0, 0, 0, 132, 57 
0.000000, 114, 0, 0, 0, 0, 133, 57 
0.000000, 114, 0, 0, 0, 0, 134, 57 
0.000000, 114, 0, 0, 0, 0, 135, 57 
0.000000, 114, 0, 0, 0, 0, 136, 57 
0.000000, 116, 0, 0, 0, 0, 136, 58 
0.000000, 116, 0, 0, 0, 0, 137, 58 
0.000000, 116, 0, 0, 0, 0, 138, 58 
0.000000, 118, 0, 0, 0, 0, 138, 59 
0.000000, 118, 0, 0, 0, 0, 139, 59 
0.000000, 120, 0, 0, 0, 0, 139, 60 
0.000000, 120, 0, 0, 0, 0, 140, 60 
0.000000, 120, 0, 0, 0, 0, 141, 60 
0.000000, 120, 0, 0, 0, 0, 142, 60 
0.000000, 120, 0, 0, 0, 0, 143, 60 
0.000000, 120, 0, 0, 0, 0, 144, 60 
0.000000, 120, 0, 0, 0, 0, 145, 60 
0.000000, 120, 0, 0, 0, 0, 146, 60 
0.000000, 122, 0, 0, 0, 0, 146, 61 
0.000000, 122, 0, 0, 0, 0, 147, 61 
0.000000, 124, 0, 0, 0, 0, 147, 62 
0.000000, 124, 0, 0, 0, 0, 148, 62 
0.000000, 126, 0, 0, 0, 0, 148, 63 
0.000000, 126, 0, 0, 0, 0, 149, 63 
0.000000, 126, 0, 0, 0, 0, 150, 63 
0.000000, 128, 0, 0, 0, 0, 150, 64 
0.000000, 128, 0, 0, 0, 0, 151, 64 
0.000000, 128, 0, 0, 0, 0, 152, 64 
0.000000, 128, 0, 0, 0, 0, 153, 64 
0.000000, 130, 0, 0, 0, 0, 153, 65 
0.000000, 130, 0, 0, 0, 0, 154, 65 
0.000000, 130, 0, 0, 0, 0, 155, 65 
0.000000, 132, 0, 0, 0, 0, 155, 66 
0.000000, 132, 0, 0, 0, 0, 156, 66 
0.000000, 132, 0, 0, 0, 0, 157, 66 
0.000000, 132, 0, 0, 0, 0, 158, 66 
0.000000, 132, 0, 0, 0, 0, 159, 66 
0.000000, 132, 0, 0, 0, 0, 160, 66 
0.000000, 134, 0, 0, 0, 0, 160, 67 
0.000000, 134, 0, 0, 0, 0, 161, 67 
0.000000, 136, 0, 0, 0, 0, 161, 68 
0.000000, 136, 0, 0, 0, 0, 162, 68 
0.000000, 136, 0, 0, 0, 0, 163, 68 
0.000000, 136, 0, 0, 0, 0, 164, 68 
0.000000, 136, 0, 0, 0, 0, 165, 68 
0.000000, 138, 0, 0, 0, 0, 165, 69 
0.000000, 138, 0, 0, 0, 0, 166, 69 
0.000000, 138, 0, 0, 0, 0, 167, 69 
0.000000, 138, 0, 0, 0, 0, 168, 69 
0.000000, 138, 0, 0, 0, 0, 169, 69 
0.000000, 140, 0, 0, 0, 0, 169, 70 
0.000000, 140, 0, 0, 0, 0, 170, 70 
0.000000, 140, 0, 0, 0, 0, 171, 70 
0.000000, 140, 0, 0, 0, 0, 172, 70 
0.000000, 142, 0, 0, 0, 0, 172, 71 
0.000000, 142, 0, 0, 0, 0, 173, 71 
0.000000, 144, 0, 0, 0, 0, 173, 72 
0.000000, 144, 0, 0, 0, 0, 174, 72 
0.000000, 144, 0, 0, 0, 0, 175, 72 
0.000000, 144, 0, 0, 0, 0, 176, 72 
0.000000, 144, 0, 0, 0, 0, 177, 72 
0.000000, 144, 0, 0, 0, 0, 178, 72 
0.000000, 144, 0, 0, 0, 0, 179, 72 
0.000000, 144, 0, 0, 0, 0, 180, 72 
0.000000, 144, 0, 0, 0, 0, 181, 72 
0.000000, 144, 0, 0, 0, 0, 182, 72 
0.000000, 146, 0, 0, 0, 0, 182, 73 
0.000000, 146, 0, 0, 0, 0, 183, 73 
0.000000, 146, 0, 0, 0, 0, 184, 73 
0.000000, 146, 0, 0, 0, 0, 185, 73 
0.000000, 148, 0, 0, 0, 0, 185, 74 
0.000000, 148, 0, 0, 0, 0, 186, 74 
0.000000, 148, 0, 0, 0, 0, 187, 74 
0.000000, 148, 0, 0, 0, 0, 188, 74 
0.000000, 148, 0, 0, 0, 0, 189, 74 
0.000000, 148, 0, 0, 0, 0, 190, 74 
0.000000, 148, 0, 0, 0, 0, 191, 74 
0.000000, 150, 0, 0, 0, 0, 191, 75 
0.000000, 150, 0, 0, 0, 0, 192, 75 
0.000000, 152, 0, 0, 0, 0, 192, 76 
0.000000, 152, 0, 0, 0, 0, 193, 76 
0.000000, 154, 0, 0, 0, 0, 193, 77 
0.000000, 154, 0, 0, 0, 0, 194, 77 
0.000000, 156, 0, 0, 0, 0, 194, 78 
0.000000, 156, 0, 0, 0, 0, 195, 78 
0.000000, 158, 0, 0, 0, 0, 195, 79 
0.000000, 158, 0, 0, 0, 0, 196, 79 
0.000000, 158, 0, 0, 0, 0, 197, 79 
0.000000, 158, 0, 0, 0, 0, 198, 79 
0.000000, 158, 0, 0, 0, 0, 199, 79 
0.000000, 158, 0, 0, 0, 0, 200, 79 
0.000000, 160, 0, 0, 0, 0, 200, 80 
0.000000, 160, 0, 0, 0, 0, 201, 80 
0.000000, 162, 0, 0, 0, 0, 201, 81 
0.000000, 162, 0, 0, 0, 0, 202, 81 
0.000000, 164, 0, 0, 0, 0, 202, 82 
0.000000, 164, 0, 0, 0, 0, 203, 82 
0.000000, 164, 0, 0, 0, 0, 204, 82 
0.000000, 164, 0, 0, 0, 0, 205, 82 
0.000000, 164, 0, 0, 0, 0, 206, 82 
0.000000, 164, 0, 0, 0, 0, 207, 82 
0.000000, 166, 0, 0, 0, 0, 207, 83 
0.000000, 166, 0, 0, 0, 0, 208, 83 
0.000000, 166, 0, 0, 0, 0, 209, 83 
0.000000, 166, 0, 0, 0, 0, 210, 83 
0.000000, 166, 0, 0, 0, 0, 211, 83 
0.000000, 166, 0, 0, 0, 0, 212, 83 
0.000000, 168, 0, 0, 0, 0, 212, 84 
0.000000, 168, 0, 0, 0, 0, 213, 84 
0.000000, 170, 0, 0, 0, 0, 213, 85 
0.000000, 170, 0, 0, 0, 0, 214, 85 
0.000000, 170, 0, 0, 0, 0, 215, 85 
0.000000, 170, 0, 0, 0, 0, 216, 85 
0.000000, 170, 0, 0, 0, 0, 217, 85 
0.000000, 170, 0, 0, 0, 0, 218, 85 
0.000000, 170, 0, 0, 0, 0, 219, 85 
0.000000, 172, 0, 0, 0, 0, 219, 86 
0.000000, 172, 0, 0, 0, 0, 220, 86 
0.000000, 172, 0, 0, 0, 0, 221, 86 
0.000000, 172, 0, 0, 0, 0, 222, 86 
0.000000, 172, 0, 0, 0, 0, 223, 86 
0.000000, 174, 0, 0, 0, 0, 223, 87 
0.000000, 174, 0, 0, 0, 0, 224, 87 
0.000000, 174, 0, 0, 0, 0, 225, 87 
0.000000, 176, 0, 0, 0, 0, 225, 88 
0.000000, 176, 0, 0, 0, 0, 226, 88 
0.000000, 176, 0, 0, 0, 0, 227, 88 
0.000000, 176, 0, 0, 0, 0, 228, 88 
0.000000, 176, 0, 0, 0, 0, 229, 88 
0.000000, 178, 0, 0, 0, 0, 229, 89 
0.000000, 178, 0, 0, 0, 0, 230, 89 
0.000000, 180, 0, 0, 0, 0, 230, 90 
0.000000, 180, 0, 0, 0, 0, 231, 90 
0.000000, 180, 0, 0, 0, 0, 232, 90 
0.000000, 180, 0, 0, 0, 0, 233, 90 
0.000000, 180, 0, 0, 0, 0, 234, 90 
0.000000, 182, 0, 0, 0, 0, 234, 91 
0.000000, 182, 0, 0, 0, 0, 235, 91 
0.000000, 182, 0, 0, 0, 0, 236, 91 
0.000000, 184, 0, 0, 0, 0, 236, 92 
0.000000, 184, 0, 0, 0, 0, 237, 92 
0.000000, 184, 0, 0, 0, 0, 238, 92 
0.000000, 184, 0, 0, 0, 0, 239, 92 
0.000000, 186, 0, 0, 0, 0, 239, 93 
0.000000, 186, 0, 0, 0, 0, 240, 93 
0.000000, 188, 0, 0, 0, 0, 240, 94 
0.000000, 188, 0, 0, 0, 0, 241, 94 
0.000000, 188, 0, 0, 0, 0, 242, 94 
0.000000, 190, 0, 0, 0, 0, 242, 95 
0.000000, 190, 0, 0, 0, 0, 243, 95 
0.000000, 190, 0, 0, 0, 0, 244, 95 
0.000000, 192, 0, 0, 0, 0, 244, 96 
0.000000, 192, 0, 0, 0, 0, 245, 96 
0.000000, 194, 0, 0, 0, 0, 245, 97 
0.000000, 194, 0, 0, 0, 0, 246, 97 
0.000000, 194, 0, 0, 0, 0, 247, 97 
0.000000, 196, 0, 0, 0, 0, 247, 98 
0.000000, 196, 0, 0, 0, 0, 248, 98 
0.000000, 196, 0, 0, 0, 0, 249, 98 
0.000000, 196, 0, 0, 0, 0, 250, 98 
0.000000, 198, 0, 0, 0, 0, 250, 99 
0.000000, 198, 0, 0, 0, 0, 251, 99 
0.000000, 200, 0, 0, 0, 0, 251, 100 
0.000000, 200, 0, 0, 0, 0, 252, 100 
0.000000, 200, 0, 0, 0, 0, 253, 100 
0.000000, 202, 0, 0, 0, 0, 253, 101 
0.000000, 202, 0, 0, 0, 0, 254, 101 
0.000000, 202, 0, 0, 0, 0, 255, 101 
0.000000, 202, 0, 0, 0, 0, 256, 101 
0.000000, 202, 0, 0, 0, 0, 257, 101 
0.000000, 202, 0, 0, 0, 0, 258, 101 
0.000000, 204, 0, 0, 0, 0, 258, 102 
0.000000, 204, 0, 0, 0, 0, 259, 102 
0.000000, 206, 0, 0, 0, 0, 259, 103 
0.000000, 206, 0, 0, 0, 0, 260, 103 
0.000000, 208, 0, 0, 0, 0, 260, 104 
0.000000, 208, 0, 0, 0, 0, 261, 104 
0.000000, 208, 0, 0, 0, 0, 262, 104 
0.000000, 210, 0, 0, 0, 0, 262, 105 
0.000000, 210, 0, 0, 0, 0, 263, 105 
0.000000, 210, 0, 0, 0, 0, 264, 105 
0.000000, 210, 0, 0, 0, 0, 265, 105 
0.000000, 210, 0, 0, 0, 0, 266, 105 
0.000000, 212, 0, 0, 0, 0, 266, 106 
0.000000, 212, 0, 0, 0, 0, 267, 106 
0.000000, 212, 0, 0, 0, 0, 268, 106 
0.000000, 212, 0, 0, 0, 0, 269, 106 
0.000000, 214, 0, 0, 0, 0, 269, 107 
0.000000, 214, 0, 0, 0, 0, 270, 107 
0.000000, 214, 0, 0, 0, 0, 271, 107 
0.000000, 214, 0, 0, 0, 0, 272, 107 
0.000000, 214, 0, 0, 0, 0, 273, 107 
0.000000, 216, 0, 0, 0, 0, 273, 108 
0.000000, 216, 0, 0, 0, 0, 274, 108 
0.000000, 216, 0, 0, 0, 0, 275, 108 
0.000000, 218, 0, 0, 0, 0, 275, 109 
0.000000, 218, 0, 0, 0, 0, 276, 109 
0.000000, 218, 0, 0, 0, 0, 277, 109 
0.000000, 220, 0, 0, 0, 0, 277, 110 
0.000000, 220, 0, 0, 0, 0, 278, 110 
0.000000, 220, 0, 0, 0, 0, 279, 110 
0.000000, 220, 0, 0, 0, 0, 280, 110 
0.000000, 220, 0, 0, 0, 0, 281, 110 
0.000000, 220, 0, 0, 0, 0, 282, 110 
0.000000, 220, 0, 0, 0, 0, 283, 110 
0.000000, 220, 0, 0, 0, 0, 284, 110 
0.000000, 220, 0, 0, 0, 0, 285, 110 
0.000000, 222, 0, 0, 0, 0, 285, 111 
0.000000, 222, 0, 0, 0, 0, 286, 111 
0.000000, 222, 0, 0, 0, 0, 287, 111 
0.000000, 222, 0, 0, 0, 0, 288, 111 
0.000000, 224, 0, 0, 0, 0, 288, 112 
0.000000, 224, 0, 0, 0, 0, 289, 112 
0.000000, 226, 0, 0, 0, 0, 289, 113 
0.000000, 226, 0, 0, 0, 0, 290, 113 
0.000000, 226, 0, 0, 0, 0, 291, 113 
0.000000, 228, 0, 0, 0, 0, 291, 114 
0.000000, 228, 0, 0, 0, 0, 292, 114 
0.000000, 230, 0, 0, 0, 0, 292, 115 
0.000000, 230, 0, 0, 0, 0, 293, 115 
0.000000, 232, 0, 0, 0, 0, 293, 116 
0.000000, 232, 0, 0, 0, 0, 294, 116 
0.000000, 232, 0, 0, 0, 0, 295, 116 
0.000000, 234, 0, 0, 0, 0, 295, 117 
0.000000, 234, 0, 0, 0, 0, 296, 117 
0.000000, 236, 0, 0, 0, 0, 296, 118 
0.000000, 236, 0, 0, 0, 0, 297, 118 
0.000000, 238, 0, 0, 0, 0, 297, 119 
0.000000, 238, 0, 0, 0, 0, 298, 119 
0.000000, 238, 0, 0, 0, 0, 299, 119 
0.000000, 240, 0, 0, 0, 0, 299, 120 
0.000000, 240, 0, 0, 0, 0, 300, 120 
0.000000, 240, 0, 0, 0, 0, 301, 120 
0.000000, 242, 0, 0, 0, 0, 301, 121 
0.000000, 242, 0, 0, 0, 0, 302, 121 
0.000000, 244, 0, 0, 0, 0, 302, 122 
0.000000, 244, 0, 0, 0, 0, 303, 122 
0.000000, 246, 0, 0, 0, 0, 303, 123 
0.000000, 246, 0, 0, 0, 0, 304, 123 
0.000000, 246, 0, 0, 0, 0, 305, 123 
0.000000, 246, 0, 0, 0, 0, 306, 123 
0.000000, 246, 0, 0, 0, 0, 307, 123 
0.000000, 248, 0, 0, 0, 0, 307, 124 
0.000000, 248, 0, 0, 0, 0, 308, 124 
0.000000, 248, 0, 0, 0, 0, 309, 124 
0.000000, 248, 0, 0, 0, 0, 310, 124 
0.000000, 250, 0, 0, 0, 0, 310, 125 
0.000000, 250, 0, 0, 0, 0, 311, 125 
0.000000, 252, 0, 0, 0, 0, 311, 126 
0.000000, 252, 0, 0, 0, 0, 312, 126 
0.000000, 252, 0, 0, 0, 0, 313, 126 
0.000000, 254, 0, 0, 0, 0, 313, 127 
0.000000, 254, 0, 0, 0, 0, 314, 127 
0.000000, 256, 0, 0, 0, 0, 314, 128 
0.000000, 256, 0, 0, 0, 0, 315, 128 
0.000000, 256, 0, 0, 0, 0, 316, 128 
0.000000, 256, 0, 0, 0, 0, 317, 128 
0.000000, 258, 0, 0, 0, 0, 317, 129 
0.000000, 258, 0, 0, 0, 0, 318, 129 
0.000000, 260, 0, 0, 0, 0, 318, 130 
0.000000, 260, 0, 0, 0, 0, 319, 130 
0.000000, 260, 0, 0, 0, 0, 320, 130 
0.000000, 260, 0, 0, 0, 0, 321, 130 
0.000000, 262, 0, 0, 0, 0, 321, 131 
0.000000, 262, 0, 0, 0, 0, 322, 131 
0.000000, 264, 0, 0, 0, 0, 322, 132 
0.000000, 264, 0, 0, 0, 0, 323, 132 
0.000000, 264, 0, 0, 0, 0, 324, 132 
0.000000, 264, 0, 0, 0, 0, 325, 132 
0.000000, 266, 0, 0, 0, 0, 325, 133 
0.000000, 266, 0, 0, 0, 0, 326, 133 
0.000000, 266, 0, 0, 0, 0, 327, 133 
0.000000, 266, 0, 0, 0, 0, 328, 133 
0.000000, 268, 0, 0, 0, 0, 328, 134 
0.000000, 268, 0, 0, 0, 0, 329, 134 
0.000000, 270, 0, 0, 0, 0, 329, 135 
0.000000, 270, 0, 0, 0, 0, 330, 135 
0.000000, 270, 0, 0, 0, 0, 331, 135 
0.000000, 272, 0, 0, 0, 0, 331, 136 
0.000000, 272, 0, 0, 0, 0, 332, 136 
0.000000, 272, 0, 0, 0, 0, 333, 136 
0.000000, 274, 0, 0, 0, 0, 333, 137 
0.000000, 274, 0, 0, 0, 0, 334, 137 
0.000000, 274, 0, 0, 0, 0, 335, 137 
0.000000, 276, 0, 0, 0, 0, 335, 138 
0.000000, 276, 0, 0, 0, 0, 336, 138 
0.000000, 278, 0, 0, 0, 0, 336, 139 
0.000000, 278, 0, 0, 0, 0, 337, 139 
0.000000, 280, 0, 0, 0, 0, 337, 140 
0.000000, 280, 0, 0, 0, 0, 338, 140 
0.000000, 280, 0, 0, 0, 0, 339, 140 
0.000000, 282, 0, 0, 0, 0, 339, 141 
0.000000, 282, 0, 0, 0, 0, 340, 141 
0.000000, 282, 0, 0, 0, 0, 341, 141 
0.000000, 284, 0, 0, 0, 0, 341, 142 
0.000000, 284, 0, 0, 0, 0, 342, 142 
0.000000, 284, 0, 0, 0, 0, 343, 142 
0.000000, 284, 0, 0, 0, 0, 344, 142 
0.000000, 286, 0, 0, 0, 0, 344, 143 
0.000000, 286, 0, 0, 0, 0, 345, 143 
0.000000, 288, 0, 0, 0, 0, 345, 144 
0.000000, 288, 0, 0, 0, 0, 346, 144 
0.000000, 290, 0, 0, 0, 0, 346, 145 
0.000000, 290, 0, 0, 0, 0, 347, 145 
0.000000, 292, 0, 0, 0, 0, 347, 146 
0.000000, 292, 0, 0, 0, 0, 348, 146 
0.000000, 292, 0, 0, 0, 0, 349, 146 
0.000000, 294, 0, 0, 0, 0, 349, 147 
0.000000, 294, 0, 0, 0, 0, 350, 147 
0.000000, 296, 0, 0, 0, 0, 350, 148 
0.000000, 296, 0, 0, 0, 0, 351, 148 
0.000000, 296, 0, 0, 0, 0, 352, 148 
0.000000, 296, 0, 0, 0, 0, 353, 148 
0.000000, 298, 0, 0, 0, 0, 353, 149 
0.000000, 298, 0, 0, 0, 0, 354, 149 
0.000000, 300, 0, 0, 0, 0, 354, 150 
0.000000, 300, 0, 0, 0, 0, 355, 150 
0.000000, 302, 0, 0, 0, 0, 355, 151 
0.000000, 302, 0, 0, 0, 0, 356, 151 
0.000000, 302, 0, 0, 0, 0, 357, 151 
0.000000, 302, 0, 0, 0, 0, 358, 151 
0.000000, 304, 0, 0, 0, 0, 358, 152 
0.000000, 304, 0, 0, 0, 0, 359, 152 
0.000000, 306, 0, 0, 0, 0, 359, 153 
0.000000, 306, 0, 0, 0, 0, 360, 153 
0.000000, 306, 0, 0, 0, 0, 361, 153 
0.000000, 306, 0, 0, 0, 0, 362, 153 
0.000000, 306, 0, 0, 0, 0, 363, 153 
0.000000, 308, 0, 0, 0, 0, 363, 154 
0.000000, 308, 0, 0, 0, 0, 364, 154 
0.000000, 308, 0, 0, 0, 0, 365, 154 
0.000000, 310, 0, 0, 0, 0, 365, 155 
0.000000, 310, 0, 0, 0, 0, 366, 155 
0.000000, 312, 0, 0, 0, 0, 366, 156 
0.000000, 312, 0, 0, 0, 0, 367, 156 
0.000000, 312, 0, 0, 0, 0, 368, 156 
0.000000, 312, 0, 0, 0, 0, 369, 156 
0.000000, 314, 0, 0, 0, 0, 369, 157 
0.000000, 314, 0, 0, 0, 0, 370, 157 
0.000000, 316, 0, 0, 0, 0, 370, 158 
0.000000, 316, 0, 0, 0, 0, 371, 158 
0.000000, 316, 0, 0, 0, 0, 372, 158 
0.000000, 318, 0, 0, 0, 0, 372, 159 
0.000000, 318, 0, 0, 0, 0, 373, 159 
0.000000, 318, 0, 0, 0, 0, 374, 159 
0.000000, 318, 0, 0, 0, 0, 375, 159 
0.000000, 318, 0, 0, 0, 0, 376, 159 
0.000000, 318, 0, 0, 0, 0, 377, 159 
0.000000, 320, 0, 0, 0, 0, 377, 160 
0.000000, 320, 0, 0, 0, 0, 378, 160 
0.000000, 322, 0, 0, 0, 0, 378, 161 
0.000000, 322, 0, 0, 0, 0, 379, 161 
0.000000, 324, 0, 0, 0, 0, 379, 162 
0.000000, 324, 0, 0, 0, 0, 380, 162 
0.000000, 324, 0, 0, 0, 0, 381, 162 
0.000000, 324, 0, 0, 0, 0, 382, 162 
0.000000, 326, 0, 0, 0, 0, 382, 163 
0.000000, 326, 0, 0, 0, 0, 383, 163 
0.000000, 326, 0, 0, 0, 0, 384, 163 
0.000000, 328, 0, 0, 0, 0, 384, 164 
0.000000, 328, 0, 0, 0, 0, 385, 164 
0.000000, 328, 0, 0, 0, 0, 386, 164 
0.000000, 328, 0, 0, 0, 0, 387, 164 
0.000000, 330, 0, 0, 0, 0, 387, 165 
0.000000, 330, 0, 0, 0, 0, 388, 165 
0.000000, 330, 0, 0, 0, 0, 389, 165 
0.000000, 332, 0, 0, 0, 0, 389, 166 
0.000000, 332, 0, 0, 0, 0, 390, 166 
0.000000, 332, 0, 0, 0, 0, 391, 166 
0.000000, 334, 0, 0, 0, 0, 391, 167 
0.000000, 334, 0, 0, 0, 0, 392, 167 
0.000000, 334, 0, 0, 0, 0, 393, 167 
0.000000, 334, 0, 0, 0, 0, 394, 167 
0.000000, 334, 0, 0, 0, 0, 395, 167 
0.000000, 336, 0, 0, 0, 0, 395, 168 
0.000000, 336, 0, 0, 0, 0, 396, 168 
0.000000, 336, 0, 0, 0, 0, 397, 168 
0.000000, 336, 0, 0, 0, 0, 398, 168 
0.000000, 338, 0, 0, 0, 0, 398, 169 
0.000000, 338, 0, 0, 0, 0, 399, 169 
0.000000, 338, 0, 0, 0, 0, 400, 169 
0.000000, 340, 0, 0, 0, 0, 400, 170 
0.000000, 340, 0, 0, 0, 0, 401, 170 
0.000000, 340, 0, 0, 0, 0, 402, 170 
0.000000, 342, 0, 0, 0, 0, 402, 171 
0.000000, 342, 0, 0, 0, 0, 403, 171 
0.000000, 344, 0, 0, 0, 0, 403, 172 
0.000000, 344, 0, 0, 0, 0, 404, 172 
0.000000, 344, 0, 0, 0, 0, 405, 172 
0.000000, 344, 0, 0, 0, 0, 406, 172 
0.000000, 346, 0, 0, 0, 0, 406, 173 
0.000000, 346, 0, 0, 0, 0, 407, 173 
0.000000, 346, 0, 0, 0, 0, 408, 173 
0.000000, 348, 0, 0, 0, 0, 408, 174 
0.000000, 348, 0, 0, 0, 0, 409, 174 
0.000000, 350, 0, 0, 0, 0, 409, 175 
0.000000, 350, 0, 0, 0, 0, 410, 175 
0.000000, 352, 0, 0, 0, 0, 410, 176 
0.000000, 352, 0, 0, 0, 0, 411, 176 
0.000000, 352, 0, 0, 0, 0, 412, 176 
0.000000, 354, 0, 0, 0, 0, 412, 177 
0.000000, 354, 0, 0, 0, 0, 413, 177 
0.000000, 354, 0, 0, 0, 0, 414, 177 
0.000000, 354, 0, 0, 0, 0, 415, 177 
0.000000, 356, 0, 0, 0, 0, 415, 178 
0.000000, 356, 0, 0, 0, 0, 416, 178 
0.000000, 358, 0, 0, 0, 0, 416, 179 
0.000000, 358, 0, 0, 0, 0, 417, 179 
0.000000, 360, 0, 0, 0, 0, 417, 180 
0.000000, 360, 0, 0, 0, 0, 418, 180 
0.000000, 362, 0, 0, 0, 0, 418, 181 
0.000000, 362, 0, 0, 0, 0, 419, 181 
0.000000, 364, 0, 0, 0, 0, 419, 182 
0.000000, 364, 0, 0, 0, 0, 420, 182 
0.000000, 366, 0, 0, 0, 0, 420, 183 
0.000000, 366, 0, 0, 0, 0, 421, 183 
0.000000, 366, 0, 0, 0, 0, 422, 183 
0.000000, 368, 0, 0, 0, 0, 422, 184 
0.000000, 368, 0, 0, 0, 0, 423, 184 
0.000000, 368, 0, 0, 0, 0, 424, 184 
0.000000, 368, 0, 0, 0, 0, 425, 184 
0.000000, 368, 0, 0, 0, 0, 426, 184 
0.000000, 368, 0, 0, 0, 0, 427, 184 
0.000000, 370, 0, 0, 0, 0, 427, 185 
0.000000, 370, 0, 0, 0, 0, 428, 185 
0.000000, 370, 0, 0, 0, 0, 429, 185 
0.000000, 370, 0, 0, 0, 0, 430, 185 
0.000000, 372, 0, 0, 0, 0, 430, 186 
0.000000, 372, 0, 0, 0, 0, 431, 186 
0.000000, 374, 0, 0, 0, 0, 431, 187 
0.000000, 374, 0, 0, 0, 0, 432, 187 
0.000000, 374, 0, 0, 0, 0, 433, 187 
0.000000, 374, 0, 0, 0, 0, 434, 187 
0.000000, 374, 0, 0, 0, 0, 435, 187 
0.000000, 376, 0, 0, 0, 0, 435, 188 
0.000000, 376, 0, 0, 0, 0, 436, 188 
0.000000, 376, 0, 0, 0, 0, 437, 188 
0.000000, 376, 0, 0, 0, 0, 438, 188 
0.000000, 378, 0, 0, 0, 0, 438, 189 
0.000000, 378, 0, 0, 0, 0, 439, 189 
0.000000, 380, 0, 0, 0, 0, 439, 190 
0.000000, 380, 0, 0, 0, 0, 440, 190 
0.000000, 382, 0, 0, 0, 0, 440, 191 
0.000000, 382, 0, 0, 0, 0, 441, 191 
0.000000, 382, 0, 0, 0, 0, 442, 191 
0.000000, 382, 0, 0, 0, 0, 443, 191 
0.000000, 382, 0, 0, 0, 0, 444, 191 
0.000000, 384, 0, 0, 0, 0, 444, 192 
0.000000, 384, 0, 0, 0, 0, 445, 192 
0.000000, 384, 0, 0, 0, 0, 446, 192 
0.000000, 384, 0, 0, 0, 0, 447, 192 
0.000000, 384, 0, 0, 0, 0, 448, 192 
0.000000, 386, 0, 0, 0, 0, 448, 193 
0.000000, 386, 0, 0, 0, 0, 449, 193 
0.000000, 388, 0, 0, 0, 0, 449, 194 
0.000000, 388, 0, 0, 0, 0, 450, 194 
0.000000, 390, 0, 0, 0, 0, 450, 195 
0.000000, 390, 0, 0, 0, 0, 451, 195 
0.000000, 392, 0, 0, 0, 0, 451, 196 
0.000000, 392, 0, 0, 0, 0, 452, 196 
0.000000, 394, 0, 0, 0, 0, 452, 197 
0.000000, 394, 0, 0, 0, 0, 453, 197 
0.000000, 396, 0, 0, 0, 0, 453, 198 
0.000000, 396, 0, 0, 0, 0, 454, 198 
0.000000, 398, 0, 0, 0, 0, 454, 199 
0.000000, 398, 0, 0, 0, 0, 455, 199 
0.000000, 398, 0, 0, 0, 0, 456, 199 
0.000000, 398, 0, 0, 0, 0, 457, 199 
0.000000, 398, 0, 0, 0, 0, 458, 199 
0.000000, 398, 0, 0, 0, 0, 459, 199 
0.000000, 398, 0, 0, 0, 0, 460, 199 
0.000000, 400, 0, 0, 0, 0, 460, 200 
0.000000, 400, 0, 0, 0, 0, 461, 200 
0.000000, 400, 0, 0, 0, 0, 462, 200 
0.000000, 400, 0, 0, 0, 0, 463, 200 
0.000000, 400, 0, 0, 0, 0, 464, 200 
0.000000, 400, 0, 0, 0, 0, 465, 200 
0.000000, 400, 0, 0, 0, 0, 466, 200 
0.000000, 402, 0, 0, 0, 0, 466, 201 
0.000000, 402, 0, 0, 0, 0, 467, 201 
0.000000, 402, 0, 0, 0, 0, 468, 201 
0.000000, 404, 0, 0, 0, 0, 468, 202 
0.000000, 404, 0, 0, 0, 0, 469, 202 
0.000000, 404, 0, 0, 0, 0, 470, 202 
0.000000, 404, 0, 0, 0, 0, 471, 202 
0.000000, 404, 0, 0, 0, 0, 472, 202 
0.000000, 406, 0, 0, 0, 0, 472, 203 
0.000000, 406, 0, 0, 0, 0, 473, 203 
0.000000, 406, 0, 0, 0, 0, 474, 203 
0.000000, 406, 0, 0, 0, 0, 475, 203 
0.000000, 406, 0, 0, 0, 0, 476, 203 
0.000000, 406, 0, 0, 0, 0, 477, 203 
0.000000, 406, 0, 0, 0, 0, 478, 203 
0.000000, 406, 0, 0, 0, 0, 479, 203 
0.000000, 408, 0, 0, 0, 0, 479, 204 
0.000000, 408, 0, 0, 0, 0, 480, 204 
0.000000, 408, 0, 0, 0, 0, 481, 204 
0.000000, 408, 0, 0, 0, 0, 482, 204 
0.000000, 408, 0, 0, 0, 0, 483, 204 
0.000000, 408, 0, 0, 0, 0, 484, 204 
0.000000, 408, 0, 0, 0, 0, 485, 204 
0.000000, 410, 0, 0, 0, 0, 485, 205 
0.000000, 410, 0, 0, 0, 0, 486, 205 
0.000000, 410, 0, 0, 0, 0, 487, 205 
0.000000, 410, 0, 0, 0, 0, 488, 205 
0.000000, 410, 0, 0, 0, 0, 489, 205 
0.000000, 412, 0, 0, 0, 0, 489, 206 
0.000000, 412, 0, 0, 0, 0, 490, 206 
0.000000, 414, 0, 0, 0, 0, 490, 207 
0.000000, 414, 0, 0, 0, 0, 491, 207 
0.000000, 416, 0, 0, 0, 0, 491, 208 
0.000000, 416, 0, 0, 0, 0, 492, 208 
0.000000, 416, 0, 0, 0, 0, 493, 208 
0.000000, 416, 0, 0, 0, 0, 494, 208 
0.000000, 416, 0, 0, 0, 0, 495, 208 
0.000000, 416, 0, 0, 0, 0, 496, 208 
0.000000, 418, 0, 0, 0, 0, 496, 209 
0.000000, 418, 0, 0, 0, 0, 497, 209 
0.000000, 418, 0, 0, 0, 0, 498, 209 
0.000000, 418, 0, 0, 0, 0, 499, 209 
0.000000, 418, 0, 0, 0, 0, 500, 209 
0.000000, 418, 0, 0, 0, 0, 501, 209 
0.000000, 418, 0, 0, 0, 0, 502, 209 
0.000000, 420, 0, 0, 0, 0, 502, 210 
0.000000, 420, 0, 0, 0, 0, 503, 210 
0.000000, 422, 0, 0, 0, 0, 503, 211 
0.000000, 422, 0, 0, 0, 0, 504, 211 
0.000000, 424, 0, 0, 0, 0, 504, 212 
0.000000, 424, 0, 0, 0, 0, 505, 212 
0.000000, 424, 0, 0, 0, 0, 506, 212 
0.000000, 424, 0, 0, 0, 0, 507, 212 
0.000000, 426, 0, 0, 0, 0, 507, 213 
0.000000, 426, 0, 0, 0, 0, 508, 213 
0.000000, 426, 0, 0, 0, 0, 509, 213 
0.000000, 428, 0, 0, 0, 0, 509, 214 
0.000000, 428, 0, 0, 0, 0, 510, 214 
0.000000, 430, 0, 0, 0, 0, 510, 215 
0.000000, 430, 0, 0, 0, 0, 511, 215 
0.000000, 430, 0, 0, 0, 0, 512, 215 
0.000000, 432, 0, 0, 0, 0, 512, 216 
0.000000, 432, 0, 0, 0, 0, 513, 216 
0.000000, 432, 0, 0, 0, 0, 514, 216 
0.000000, 434, 0, 0, 0, 0, 514, 217 
0.000000, 434, 0, 0, 0, 0, 515, 217 
0.000000, 436, 0, 0, 0, 0, 515, 218 
0.000000, 436, 0, 0, 0, 0, 516, 218 
0.000000, 436, 0, 0, 0, 0, 517, 218 
0.000000, 438, 0, 0, 0, 0, 517, 219 
0.000000, 438, 0, 0, 0, 0, 518, 219 
0.000000, 438, 0, 0, 0, 0, 519, 219 
0.000000, 440, 0, 0, 0, 0, 519, 220 
0.000000, 440, 0, 0, 0, 0, 520, 220 
0.000000, 440, 0, 0, 0, 0, 521, 220 
0.000000, 442, 0, 0, 0, 0, 521, 221 
0.000000, 442, 0, 0, 0, 0, 522, 221 
0.000000, 444, 0, 0, 0, 0, 522, 222 
0.000000, 444, 0, 0, 0, 0, 523, 222 
0.000000, 444, 0, 0, 0, 0, 524, 222 
0.000000, 446, 0, 0, 0, 0, 524, 223 
0.000000, 446, 0, 0, 0, 0, 525, 223 
0.000000, 446, 0, 0, 0, 0, 526, 223 
0.000000, 446, 0, 0, 0, 0, 527, 223 
0.000000, 448, 0, 0, 0, 0, 527, 224 
0.000000, 448, 0, 0, 0, 0, 528, 224 
0.000000, 450, 0, 0, 0, 0, 528, 225 
0.000000, 450, 0, 0, 0, 0, 529, 225 
0.000000, 450, 0, 0, 0, 0, 530, 225 
0.000000, 450, 0, 0, 0, 0, 531, 225 
0.000000, 450, 0, 0, 0, 0, 532, 225 
0.000000, 450, 0, 0, 0, 0, 533, 225 
0.000000, 452, 0, 0, 0, 0, 533, 226 
0.000000, 452, 0, 0, 0, 0, 534, 226 
0.000000, 452, 0, 0, 0, 0, 535, 226 
0.000000, 454, 0, 0, 0, 0, 535, 227 
0.000000, 454, 0, 0, 0, 0, 536, 227 
0.000000, 456, 0, 0, 0, 0, 536, 228 
0.000000, 456, 0, 0, 0, 0, 537, 228 
0.000000, 458, 0, 0, 0, 0, 537, 229 
0.000000, 458, 0, 0, 0, 0, 538, 229 
0.000000, 460, 0, 0, 0, 0, 538, 230 
0.000000, 460, 0, 0, 0, 0, 539, 230 
0.000000, 462, 0, 0, 0, 0, 539, 231 
0.000000, 462, 0, 0, 0, 0, 540, 231 
0.000000, 464, 0, 0, 0, 0, 540, 232 
0.000000, 464, 0, 0, 0, 0, 541, 232 
0.000000, 466, 0, 0, 0, 0, 541, 233 
0.000000, 466, 0, 0, 0, 0, 542, 233 
0.000000, 466, 0, 0, 0, 0, 543, 233 
0.000000, 468, 0, 0, 0, 0, 543, 234 
0.000000, 468, 0, 0, 0, 0, 544, 234 
0.000000, 470, 0, 0, 0, 0, 544, 235 
0.000000, 470, 0, 0, 0, 0, 545, 235 
0.000000, 472, 0, 0, 0, 0, 545, 236 
0.000000, 472, 0, 0, 0, 0, 546, 236 
0.000000, 472, 0, 0, 0, 0, 547, 236 
0.000000, 472, 0, 0, 0, 0, 548, 236 
0.000000, 472, 0, 0, 0, 0, 549, 236 
0.000000, 472, 0, 0, 0, 0, 550, 236 
0.000000, 472, 0, 0, 0, 0, 551, 236 
0.000000, 472, 0, 0, 0, 0, 552, 236 
0.000000, 474, 0, 0, 0, 0, 552, 237 
0.000000, 474, 0, 0, 0, 0, 553, 237 
0.000000, 474, 0, 0, 0, 0, 554, 237 
0.000000, 476, 0, 0, 0, 0, 554, 238 
0.000000, 476, 0, 0, 0, 0, 555, 238 
0.000000, 476, 0, 0, 0, 0, 556, 238 
0.000000, 476, 0, 0, 0, 0, 557, 238 
0.000000, 476, 0, 0, 0, 0, 558, 238 
0.000000, 478, 0, 0, 0, 0, 558, 239 
0.000000, 478, 0, 0, 0, 0, 559, 239 
0.000000, 480, 0, 0, 0, 0, 559, 240 
0.000000, 480, 0, 0, 0, 0, 560, 240 
0.000000, 482, 0, 0, 0, 0, 560, 241 
0.000000, 482, 0, 0, 0, 0, 561, 241 
0.000000, 484, 0, 0, 0, 0, 561, 242 
0.000000, 484, 0, 0, 0, 0, 562, 242 
0.000000, 484, 0, 0, 0, 0, 563, 242 
0.000000, 484, 0, 0, 0, 0, 564, 242 
0.000000, 486, 0, 0, 0, 0, 564, 243 
0.000000, 486, 0, 0, 0, 0, 565, 243 
0.000000, 486, 0, 0, 0, 0, 566, 243 
0.000000, 486, 0, 0, 0, 0, 567, 243 
0.000000, 486, 0, 0, 0, 0, 568, 243 
0.000000, 486, 0, 0, 0, 0, 569, 243 
0.000000, 488, 0, 0, 0, 0, 569, 244 
0.000000, 488, 0, 0, 0, 0, 570, 244 
0.000000, 488, 0, 0, 0, 0, 571, 244 
0.000000, 488, 0, 0, 0, 0, 572, 244 
0.000000, 490, 0, 0, 0, 0, 572, 245 
0.000000, 490, 0, 0, 0, 0, 573, 245 
0.000000, 490, 0, 0, 0, 0, 574, 245 
0.000000, 490, 0, 0, 0, 0, 575, 245 
0.000000, 490, 0, 0, 0, 0, 576, 245 
0.000000, 492, 0, 0, 0, 0, 576, 246 
0.000000, 492, 0, 0, 0, 0, 577, 246 
0.000000, 492, 0, 0, 0, 0, 578, 246 
0.000000, 492, 0, 0, 0, 0, 579, 246 
0.000000, 492, 0, 0, 0, 0, 580, 246 
0.000000, 492, 0, 0, 0, 0, 581, 246 
0.000000, 494, 0, 0, 0, 0, 581, 247 
0.000000, 494, 0, 0, 0, 0, 582, 247 
0.000000, 494, 0, 0, 0, 0, 583, 247 
0.000000, 496, 0, 0, 0, 0, 583, 248 
0.000000, 496, 0, 0, 0, 0, 584, 248 
0.000000, 498, 0, 0, 0, 0, 584, 249 
0.000000, 498, 0, 0, 0, 0, 585, 249 
0.000000, 498, 0, 0, 0, 0, 586, 249 
0.000000, 498, 0, 0, 0, 0, 587, 249 
0.000000, 500, 0, 0, 0, 0, 587, 250 
0.000000, 500, 0, 0, 0, 0, 588, 250 
0.000000, 502, 0, 0, 0, 0, 588, 251 
0.000000, 502, 0, 0, 0, 0, 589, 251 
0.000000, 502, 0, 0, 0, 0, 590, 251 
0.000000, 502, 0, 0, 0, 0, 591, 251 
0.000000, 502, 0, 0, 0, 0, 592, 251 
0.000000, 502, 0, 0, 0, 0, 593, 251 
0.000000, 504, 0, 0, 0, 0, 593, 252 
0.000000, 504, 0, 0, 0, 0, 594, 252 
0.000000, 506, 0, 0, 0, 0, 594, 253 
0.000000, 506, 0, 0, 0, 0, 595, 253 
0.000000, 506, 0, 0, 0, 0, 596, 253 
0.000000, 508, 0, 0, 0, 0, 596, 254 
0.000000, 508, 0, 0, 0, 0, 597, 254 
0.000000, 508, 0, 0, 0, 0, 598, 254 
0.000000, 510, 0, 0, 0, 0, 598, 255 
0.000000, 510, 0, 0, 0, 0, 599, 255 
0.000000, 512, 0, 0, 0, 0, 599, 256 
0.000000, 512, 0, 0, 0, 0, 600, 256 
0.000000, 512, 0, 0, 0, 0, 601, 256 
0.000000, 514, 0, 0, 0, 0, 601, 257 
0.000000, 514, 0, 0, 0, 0, 602, 257 
0.000000, 516, 0, 0, 0, 0, 602, 258 
0.000000, 516, 0, 0, 0, 0, 603, 258 
0.000000, 516, 0, 0, 0, 0, 604, 258 
0.000000, 516, 0, 0, 0, 0, 605, 258 
0.000000, 518, 0, 0, 0, 0, 605, 259 
0.000000, 518, 0, 0, 0, 0, 606, 259 
0.000000, 518, 0, 0, 0, 0, 607, 259 
0.000000, 518, 0, 0, 0, 0, 608, 259 
0.000000, 520, 0, 0, 0, 0, 608, 260 
0.000000, 520, 0, 0, 0, 0, 609, 260 
0.000000, 520, 0, 0, 0, 0, 610, 260 
0.000000, 520, 0, 0, 0, 0, 611, 260 
0.000000, 522, 0, 0, 0, 0, 611, 261 
0.000000, 522, 0, 0, 0, 0, 612, 261 
0.000000, 524, 0, 0, 0, 0, 612, 262 
0.000000, 524, 0, 0, 0, 0, 613, 262 
0.000000, 524, 0, 0, 0, 0, 614, 262 
0.000000, 526, 0, 0, 0, 0, 614, 263 
0.000000, 526, 0, 0, 0, 0, 615, 263 
0.000000, 526, 0, 0, 0, 0, 616, 263 
0.000000, 526, 0, 0, 0, 0, 617, 263 
0.000000, 526, 0, 0, 0, 0, 618, 263 
0.000000, 526, 0, 0, 0, 0, 619, 263 
0.000000, 528, 0, 0, 0, 0, 619, 264 
0.000000, 528, 0, 0, 0, 0, 620, 264 
0.000000, 528, 0, 0, 0, 0, 621, 264 
0.000000, 530, 0, 0, 0, 0, 621, 265 
0.000000, 530, 0, 0, 0, 0, 622, 265 
0.000000, 532, 0, 0, 0, 0, 622, 266 
0.000000, 532, 0, 0, 0, 0, 623, 266 
0.000000, 532, 0, 0, 0, 0, 624, 266 
0.000000, 532, 0, 0, 0, 0, 625, 266 
0.000000, 534, 0, 0, 0, 0, 625, 267 
0.000000, 534, 0, 0, 0, 0, 626, 267 
0.000000, 534, 0, 0, 0, 0, 627, 267 
0.000000, 534, 0, 0, 0, 0, 628, 267 
0.000000, 534, 0, 0, 0, 0, 629, 267 
0.000000, 536, 0, 0, 0, 0, 629, 268 
0.000000, 536, 0, 0, 0, 0, 630, 268 
0.000000, 538, 0, 0, 0, 0, 630, 269 
0.000000, 538, 0, 0, 0, 0, 631, 269 
0.000000, 540, 0, 0, 0, 0, 631, 270 
0.000000, 540, 0, 0, 0, 0, 632, 270 
0.000000, 540, 0, 0, 0, 0, 633, 270 
0.000000, 540, 0, 0, 0, 0, 634, 270 
0.000000, 542, 0, 0, 0, 0, 634, 271 
0.000000, 542, 0, 0, 0, 0, 635, 271 
0.000000, 542, 0, 0, 0, 0, 636, 271 
0.000000, 542, 0, 0, 0, 0, 637, 271 
0.000000, 542, 0, 0, 0, 0, 638, 271 
0.000000, 542, 0, 0, 0, 0, 639, 271 
0.000000, 542, 0, 0, 0, 0, 640, 271 
0.000000, 544, 0, 0, 0, 0, 640, 272 
0.000000, 544, 0, 0, 0, 0, 641, 272 
0.000000, 546, 0, 0, 0, 0, 641, 273 
0.000000, 546, 0, 0, 0, 0, 642, 273 
0.000000, 546, 0, 0, 0, 0, 643, 273 
0.000000, 546, 0, 0, 0, 0, 644, 273 
0.000000, 546, 0, 0, 0, 0, 645, 273 
0.000000, 548, 0, 0, 0, 0, 645, 274 
0.000000, 548, 0, 0, 0, 0, 646, 274 
0.000000, 548, 0, 0, 0, 0, 647, 274 
0.000000, 548, 0, 0, 0, 0, 648, 274 
0.000000, 548, 0, 0, 0, 0, 649, 274 
0.000000, 548, 0, 0, 0, 0, 650, 274 
0.000000, 548, 0, 0, 0, 0, 651, 274 
0.000000, 548, 0, 0, 0, 0, 652, 274 
0.000000, 550, 0, 0, 0, 0, 652, 275 
0.000000, 550, 0, 0, 0, 0, 653, 275 
0.000000, 550, 0, 0, 0, 0, 654, 275 
0.000000, 550, 0, 0, 0, 0, 655, 275 
0.000000, 552, 0, 0, 0, 0, 655, 276 
0.000000, 552, 0, 0, 0, 0, 656, 276 
0.000000, 554, 0, 0, 0, 0, 656, 277 
0.000000, 554, 0, 0, 0, 0, 657, 277 
0.000000, 556, 0, 0, 0, 0, 657, 278 
0.000000, 556, 0, 0, 0, 0, 658, 278 
0.000000, 556, 0, 0, 0, 0, 659, 278 
0.000000, 556, 0, 0, 0, 0, 660, 278 
0.000000, 556, 0, 0, 0, 0, 661, 278 
0.000000, 556, 0, 0, 0, 0, 662, 278 
0.000000, 556, 0, 0, 0, 0, 663, 278 
0.000000, 556, 0, 0, 0, 0, 664, 278 
0.000000, 556, 0, 0, 0, 0, 665, 278 
0.000000, 556, 0, 0, 0, 0, 666, 278 
0.000000, 558, 0, 0, 0, 0, 666, 279 
0.000000, 558, 0, 0, 0, 0, 667, 279 
0.000000, 558, 0, 0, 0, 0, 668, 279 
0.000000, 558, 0, 0, 0, 0, 669, 279 
0.000000, 558, 0, 0, 0, 0, 670, 279 
0.000000, 558, 0, 0, 0, 0, 671, 279 
0.000000, 560, 0, 0, 0, 0, 671, 280 
0.000000, 560, 0, 0, 0, 0, 672, 280 
0.000000, 562, 0, 0, 0, 0, 672, 281 
0.000000, 562, 0, 0, 0, 0, 673, 281 
0.000000, 564, 0, 0, 0, 0, 673, 282 
0.000000, 564, 0, 0, 0, 0, 674, 282 
0.000000, 566, 0, 0, 0, 0, 674, 283 
0.000000, 566, 0, 0, 0, 0, 675, 283 
0.000000, 568, 0, 0, 0, 0, 675, 284 
0.000000, 568, 0, 0, 0, 0, 676, 284 
0.000000, 568, 0, 0, 0, 0, 677, 284 
0.000000, 570, 0, 0, 0, 0, 677, 285 
0.000000, 570, 0, 0, 0, 0, 678, 285 
0.000000, 572, 0, 0, 0, 0, 678, 286 
0.000000, 572, 0, 0, 0, 0, 679, 286 
0.000000, 572, 0, 0, 0, 0, 680, 286 
0.000000, 572, 0, 0, 0, 0, 681, 286 
0.000000, 574, 0, 0, 0, 0, 681, 287 
0.000000, 574, 0, 0, 0, 0, 682, 287 
0.000000, 574, 0, 0, 0, 0, 683, 287 
0.000000, 576, 0, 0, 0, 0, 683, 288 
0.000000, 576, 0, 0, 0, 0, 684, 288 
0.000000, 576, 0, 0, 0, 0, 685, 288 
0.000000, 576, 0, 0, 0, 0, 686, 288 
0.000000, 578, 0, 0, 0, 0, 686, 289 
0.000000, 578, 0, 0, 0, 0, 687, 289 
0.000000, 578, 0, 0, 0, 0, 688, 289 
0.000000, 578, 0, 0, 0, 0, 689, 289 
0.000000, 578, 0, 0, 0, 0, 690, 289 
0.000000, 580, 0, 0, 0, 0, 690, 290 
0.000000, 580, 0, 0, 0, 0, 691, 290 
0.000000, 580, 0, 0, 0, 0, 692, 290 
0.000000, 582, 0, 0, 0, 0, 692, 291 
0.000000, 582, 0, 0, 0, 0, 693, 291 
0.000000, 582, 0, 0, 0, 0, 694, 291 
0.000000, 582, 0, 0, 0, 0, 695, 291 
0.000000, 584, 0, 0, 0, 0, 695, 292 
0.000000, 584, 0, 0, 0, 0, 696, 292 
0.000000, 584, 0, 0, 0, 0, 697, 292 
0.000000, 584, 0, 0, 0, 0, 698, 292 
0.000000, 584, 0, 0, 0, 0, 699, 292 
0.000000, 586, 0, 0, 0, 0, 699, 293 
0.000000, 586, 0, 0, 0, 0, 700, 293 
0.000000, 586, 0, 0, 0, 0, 701, 293 
0.000000, 586, 0, 0, 0, 0, 702, 293 
0.000000, 588, 0, 0, 0, 0, 702, 294 
0.000000, 588, 0, 0, 0, 0, 703, 294 
0.000000, 588, 0, 0, 0, 0, 704, 294 
0.000000, 590, 0, 0, 0, 0, 704, 295 
0.000000, 590, 0, 0, 0, 0, 705, 295 
0.000000, 590, 0, 0, 0, 0, 706, 295 
0.000000, 592, 0, 0, 0, 0, 706, 296 
0.000000, 592, 0, 0, 0, 0, 707, 296 
0.000000, 592, 0, 0, 0, 0, 708, 296 
0.000000, 592, 0, 0, 0, 0, 709, 296 
0.000000, 594, 0, 0, 0, 0, 709, 297 
0.000000, 594, 0, 0, 0, 0, 710, 297 
0.000000, 596, 0, 0, 0, 0, 710, 298 
0.000000, 596, 0, 0, 0, 0, 711, 298 
0.000000, 596, 0, 0, 0, 0, 712, 298 
0.000000, 598, 0, 0, 0, 0, 712, 299 
0.000000, 598, 0, 0, 0, 0, 713, 299 
0.000000, 598, 0, 0, 0, 0, 714, 299 
0.000000, 598, 0, 0, 0, 0, 715, 299 
0.000000, 598, 0, 0, 0, 0, 716, 299 
0.000000, 598, 0, 0, 0, 0, 717, 299 
0.000000, 600, 0, 0, 0, 0, 717, 300 
0.000000, 600, 0, 0, 0, 0, 718, 300 
0.000000, 600, 0, 0, 0, 0, 719, 300 
0.000000, 600, 0, 0, 0, 0, 720, 300 
0.000000, 602, 0, 0, 0, 0, 720, 301 
0.000000, 602, 0, 0, 0, 0, 721, 301 
0.000000, 602, 0, 0, 0, 0, 722, 301 
0.000000, 602, 0, 0, 0, 0, 723, 301 
0.000000, 604, 0, 0, 0, 0, 723, 302 
0.000000, 604, 0, 0, 0, 0, 724, 302 
0.000000, 606, 0, 0, 0, 0, 724, 303 
0.000000, 606, 0, 0, 0, 0, 725, 303 
0.000000, 606, 0, 0, 0, 0, 726, 303 
0.000000, 608, 0, 0, 0, 0, 726, 304 
0.000000, 608, 0, 0, 0, 0, 727, 304 
0.000000, 610, 0, 0, 0, 0, 727, 305 
0.000000, 610, 0, 0, 0, 0, 728, 305 
0.000000, 610, 0, 0, 0, 0, 729, 305 
0.000000, 610, 0, 0, 0, 0, 730, 305 
0.000000, 612, 0, 0, 0, 0, 730, 306 
0.000000, 612, 0, 0, 0, 0, 731, 306 
0.000000, 612, 0, 0, 0, 0, 732, 306 
0.000000, 614, 0, 0, 0, 0, 732, 307 
0.000000, 614, 0, 0, 0, 0, 733, 307 
0.000000, 616, 0, 0, 0, 0, 733, 308 
0.000000, 616, 0, 0, 0, 0, 734, 308 
0.000000, 616, 0, 0, 0, 0, 735, 308 
0.000000, 618, 0, 0, 0, 0, 735, 309 
0.000000, 618, 0, 0, 0, 0, 736, 309 
0.000000, 620, 0, 0, 0, 0, 736, 310 
0.000000, 620, 0, 0, 0, 0, 737, 310 
0.000000, 622, 0, 0, 0, 0, 737, 311 
0.000000, 622, 0, 0, 0, 0, 738, 311 
0.000000, 624, 0, 0, 0, 0, 738, 312 
0.000000, 624, 0, 0, 0, 0, 739, 312 
0.000000, 624, 0, 0, 0, 0, 740, 312 
0.000000, 626, 0, 0, 0, 0, 740, 313 
0.000000, 626, 0, 0, 0, 0, 741, 313 
0.000000, 626, 0, 0, 0, 0, 742, 313 
0.000000, 628, 0, 0, 0, 0, 742, 314 
0.000000, 628, 0, 0, 0, 0, 743, 314 
0.000000, 630, 0, 0, 0, 0, 743, 315 
0.000000, 630, 0, 0, 0, 0, 744, 315 
0.000000, 630, 0, 0, 0, 0, 745, 315 
0.000000, 630, 0, 0, 0, 0, 746, 315 
0.000000, 632, 0, 0, 0, 0, 746, 316 
0.000000, 632, 0, 0, 0, 0, 747, 316 
0.000000, 632, 0, 0, 0, 0, 748, 316 
0.000000, 632, 0, 0, 0, 0, 749, 316 
0.000000, 632, 0, 0, 0, 0, 750, 316 
0.000000, 634, 0, 0, 0, 0, 750, 317 
0.000000, 634, 0, 0, 0, 0, 751, 317 
0.000000, 634, 0, 0, 0, 0, 752, 317 
0.000000, 634, 0, 0, 0, 0, 753, 317 
0.000000, 636, 0, 0, 0, 0, 753, 318 
0.000000, 636, 0, 0, 0, 0, 754, 318 
0.000000, 636, 0, 0, 0, 0, 755, 318 
0.000000, 636, 0, 0, 0, 0, 756, 318 
0.000000, 636, 0, 0, 0, 0, 757, 318 
0.000000, 636, 0, 0, 0, 0, 758, 318 
0.000000, 636, 0, 0, 0, 0, 759, 318 
0.000000, 638, 0, 0, 0, 0, 759, 319 
0.000000, 638, 0, 0, 0, 0, 760, 319 
0.000000, 640, 0, 0, 0, 0, 760, 320 
0.000000, 640, 0, 0, 0, 0, 761, 320 
0.000000, 640, 0, 0, 0, 0, 762, 320 
0.000000, 642, 0, 0, 0, 0, 762, 321 
0.000000, 642, 0, 0, 0, 0, 763, 321 
0.000000, 642, 0, 0, 0, 0, 764, 321 
0.000000, 644, 0, 0, 0, 0, 764, 322 
0.000000, 644, 0, 0, 0, 0, 765, 322 
0.000000, 646, 0, 0, 0, 0, 765, 323 
0.000000, 646, 0, 0, 0, 0, 766, 323 
0.000000, 646, 0, 0, 0, 0, 767, 323 
0.000000, 646, 0, 0, 0, 0, 768, 323 
0.000000, 648, 0, 0, 0, 0, 768, 324 
0.000000, 648, 0, 0, 0, 0, 769, 324 
0.000000, 650, 0, 0, 0, 0, 769, 325 
0.000000, 650, 0, 0, 0, 0, 770, 325 
0.000000, 650, 0, 0, 0, 0, 771, 325 
0.000000, 652, 0, 0, 0, 0, 771, 326 
0.000000, 652, 0, 0, 0, 0, 772, 326 
0.000000, 652, 0, 0, 0, 0, 773, 326 
0.000000, 654, 0, 0, 0, 0, 773, 327 
0.000000, 654, 0, 0, 0, 0, 774, 327 
0.000000, 656, 0, 0, 0, 0, 774, 328 
0.000000, 656, 0, 0, 0, 0, 775, 328 
0.000000, 658, 0, 0, 0, 0, 775, 329 
0.000000, 658, 0, 0, 0, 0, 776, 329 
0.000000, 660, 0, 0, 0, 0, 776, 330 
0.000000, 660, 0, 0, 0, 0, 777, 330 
0.000000, 660, 0, 0, 0, 0, 778, 330 
0.000000, 662, 0, 0, 0, 0, 778, 331 
0.000000, 662, 0, 0, 0, 0, 779, 331 
0.000000, 664, 0, 0, 0, 0, 779, 332 
0.000000, 664, 0, 0, 0, 0, 780, 332 
0.000000, 664, 0, 0, 0, 0, 781, 332 
0.000000, 666, 0, 0, 0, 0, 781, 333 
0.000000, 666, 0, 0, 0, 0, 782, 333 
0.000000, 666, 0, 0, 0, 0, 783, 333 
0.000000, 666, 0, 0, 0, 0, 784, 333 
0.000000, 666, 0, 0, 0, 0, 785, 333 
0.000000, 668, 0, 0, 0, 0, 785, 334 
0.000000, 668, 0, 0, 0, 0, 786, 334 
0.000000, 668, 0, 0, 0, 0, 787, 334 
0.000000, 668, 0, 0, 0, 0, 788, 334 
0.000000, 668, 0, 0, 0, 0, 789, 334 
0.000000, 670, 0, 0, 0, 0, 789, 335 
0.000000, 670, 0, 0, 0, 0, 790, 335 
0.000000, 670, 0, 0, 0, 0, 791, 335 
0.000000, 670, 0, 0, 0, 0, 792, 335 
0.000000, 670, 0, 0, 0, 0, 793, 335 
0.000000, 672, 0, 0, 0, 0, 793, 336 
0.000000, 672, 0, 0, 0, 0, 794, 336 
0.000000, 674, 0, 0, 0, 0, 794, 337 
0.000000, 674, 0, 0, 0, 0, 795, 337 
0.000000, 676, 0, 0, 0, 0, 795, 338 
0.000000, 676, 0, 0, 0, 0, 796, 338 
0.000000, 676, 0, 0, 0, 0, 797, 338 
0.000000, 676, 0, 0, 0, 0, 798, 338 
0.000000, 676, 0, 0, 0, 0, 799, 338 
0.000000, 676, 0, 0, 0, 0, 800, 338 
0.000000, 678, 0, 0, 0, 0, 800, 339 
0.000000, 678, 0, 0, 0, 0, 801, 339 
0.000000, 678, 0, 0, 0, 0, 802, 339 
0.000000, 678, 0, 0, 0, 0, 803, 339 
0.000000, 678, 0, 0, 0, 0, 804, 339 
0.000000, 680, 0, 0, 0, 0, 804, 340 
0.000000, 680, 0, 0, 0, 0, 805, 340 
0.000000, 680, 0, 0, 0, 0, 806, 340 
0.000000, 680, 0, 0, 0, 0, 807, 340 
0.000000, 682, 0, 0, 0, 0, 807, 341 
0.000000, 682, 0, 0, 0, 0, 808, 341 
0.000000, 682, 0, 0, 0, 0, 809, 341 
0.000000, 684, 0, 0, 0, 0, 809, 342 
0.000000, 684, 0, 0, 0, 0, 810, 342 
0.000000, 686, 0, 0, 0, 0, 810, 343 
0.000000, 686, 0, 0, 0, 0, 811, 343 
0.000000, 686, 0, 0, 0, 0, 812, 343 
0.000000, 688, 0, 0, 0, 0, 812, 344 
0.000000, 688, 0, 0, 0, 0, 813, 344 
0.000000, 688, 0, 0, 0, 0, 814, 344 
0.000000, 688, 0, 0, 0, 0, 815, 344 
0.000000, 690, 0, 0, 0, 0, 815, 345 
0.000000, 690, 0, 0, 0, 0, 816, 345 
0.000000, 692, 0, 0, 0, 0, 816, 346 
0.000000, 692, 0, 0, 0, 0, 817, 346 
0.000000, 692, 0, 0, 0, 0, 818, 346 
0.000000, 692, 0, 0, 0, 0, 819, 346 
0.000000, 694, 0, 0, 0, 0, 819, 347 
0.000000, 694, 0, 0, 0, 0, 820, 347 
0.000000, 694, 0, 0, 0, 0, 821, 347 
0.000000, 694, 0, 0, 0, 0, 822, 347 
0.000000, 694, 0, 0, 0, 0, 823, 347 
0.000000, 694, 0, 0, 0, 0, 824, 347 
0.000000, 694, 0, 0, 0, 0, 825, 347 
0.000000, 694, 0, 0, 0, 0, 826, 347 
0.000000, 696, 0, 0, 0, 0, 826, 348 
0.000000, 696, 0, 0, 0, 0, 827, 348 
0.000000, 696, 0, 0, 0, 0, 828, 348 
0.000000, 696, 0, 0, 0, 0, 829, 348 
0.000000, 696, 0, 0, 0, 0, 830, 348 
0.000000, 698, 0, 0, 0, 0, 830, 349 
0.000000, 698, 0, 0, 0, 0, 831, 349 
0.000000, 700, 0, 0, 0, 0, 831, 350 
0.000000, 700, 0, 0, 0, 0, 832, 350 
0.000000, 700, 0, 0, 0, 0, 833, 350 
0.000000, 700, 0, 0, 0, 0, 834, 350 
0.000000, 700, 0, 0, 0, 0, 835, 350 
0.000000, 702, 0, 0, 0, 0, 835, 351 
0.000000, 702, 0, 0, 0, 0, 836, 351 
0.000000, 702, 0, 0, 0, 0, 837, 351 
0.000000, 702, 0, 0, 0, 0, 838, 351 
0.000000, 704, 0, 0, 0, 0, 838, 352 
0.000000, 704, 0, 0, 0, 0, 839, 352 
0.000000, 706, 0, 0, 0, 0, 839, 353 
0.000000, 706, 0, 0, 0, 0, 840, 353 
0.000000, 706, 0, 0, 0, 0, 841, 353 
0.000000, 706, 0, 0, 0, 0, 842, 353 
0.000000, 706, 0, 0, 0, 0, 843, 353 
0.000000, 708, 0, 0, 0, 0, 843, 354 
0.000000, 708, 0, 0, 0, 0, 844, 354 
0.000000, 708, 0, 0, 0, 0, 845, 354 
0.000000, 708, 0, 0, 0, 0, 846, 354 
0.000000, 708, 0, 0, 0, 0, 847, 354 
0.000000, 710, 0, 0, 0, 0, 847, 355 
0.000000, 710, 0, 0, 0, 0, 848, 355 
0.000000, 710, 0, 0, 0, 0, 849, 355 
0.000000, 710, 0, 0, 0, 0, 850, 355 
0.000000, 712, 0, 0, 0, 0, 850, 356 
0.000000, 712, 0, 0, 0, 0, 851, 356 
0.000000, 712, 0, 0, 0, 0, 852, 356 
0.000000, 714, 0, 0, 0, 0, 852, 357 
0.000000, 714, 0, 0, 0, 0, 853, 357 
0.000000, 716, 0, 0, 0, 0, 853, 358 
0.000000, 716, 0, 0, 0, 0, 854, 358 
0.000000, 716, 0, 0, 0, 0, 855, 358 
0.000000, 716, 0, 0, 0, 0, 856, 358 
0.000000, 716, 0, 0, 0, 0, 857, 358 
0.000000, 716, 0, 0, 0, 0, 858, 358 
0.000000, 716, 0, 0, 0, 0, 859, 358 
0.000000, 718, 0, 0, 0, 0, 859, 359 
0.000000, 718, 0, 0, 0, 0, 860, 359 
0.000000, 720, 0, 0, 0, 0, 860, 360 
0.000000, 720, 0, 0, 0, 0, 861, 360 
0.000000, 720, 0, 0, 0, 0, 862, 360 
0.000000, 720, 0, 0, 0, 0, 863, 360 
0.000000, 720, 0, 0, 0, 0, 864, 360 
0.000000, 722, 0, 0, 0, 0, 864, 361 
0.000000, 722, 0, 0, 0, 0, 865, 361 
0.000000, 724, 0, 0, 0, 0, 865, 362 
0.000000, 724, 0, 0, 0, 0, 866, 362 
0.000000, 726, 0, 0, 0, 0, 866, 363 
0.000000, 726, 0, 0, 0, 0, 867, 363 
0.000000, 728, 0, 0, 0, 0, 867, 364 
0.000000, 728, 0, 0, 0, 0, 868, 364 
0.000000, 730, 0, 0, 0, 0, 868, 365 
0.000000, 730, 0, 0, 0, 0, 869, 365 
0.000000, 730, 0, 0, 0, 0, 870, 365 
0.000000, 732, 0, 0, 0, 0, 870, 366 
0.000000, 732, 0, 0, 0, 0, 871, 366 
0.000000, 734, 0, 0, 0, 0, 871, 367 
0.000000, 734, 0, 0, 0, 0, 872, 367 
0.000000, 734, 0, 0, 0, 0, 873, 367 
0.000000, 734, 0, 0, 0, 0, 874, 367 
0.000000, 734, 0, 0, 0, 0, 875, 367 
0.000000, 734, 0, 0, 0, 0, 876, 367 
0.000000, 734, 0, 0, 0, 0, 877, 367 
0.000000, 736, 0, 0, 0, 0, 877, 368 
0.000000, 736, 0, 0, 0, 0, 878, 368 
0.000000, 736, 0, 0, 0, 0, 879, 368 
0.000000, 738, 0, 0, 0, 0, 879, 369 
0.000000, 738, 0, 0, 0, 0, 880, 369 
0.000000, 740, 0, 0, 0, 0, 880, 370 
0.000000, 740, 0, 0, 0, 0, 881, 370 
0.000000, 742, 0, 0, 0, 0, 881, 371 
0.000000, 742, 0, 0, 0, 0, 882, 371 
0.000000, 742, 0, 0, 0, 0, 883, 371 
0.000000, 742, 0, 0, 0, 0, 884, 371 
0.000000, 742, 0, 0, 0, 0, 885, 371 
0.000000, 744, 0, 0, 0, 0, 885, 372 
0.000000, 744, 0, 0, 0, 0, 886, 372 
0.000000, 744, 0, 0, 0, 0, 887, 372 
0.000000, 746, 0, 0, 0, 0, 887, 373 
0.000000, 746, 0, 0, 0, 0, 888, 373 
0.000000, 746, 0, 0, 0, 0, 889, 373 
0.000000, 748, 0, 0, 0, 0, 889, 374 
0.000000, 748, 0, 0, 0, 0, 890, 374 
0.000000, 748, 0, 0, 0, 0, 891, 374 
0.000000, 748, 0, 0, 0, 0, 892, 374 
0.000000, 748, 0, 0, 0, 0, 893, 374 
0.000000, 750, 0, 0, 0, 0, 893, 375 
0.000000, 750, 0, 0, 0, 0, 894, 375 
0.000000, 750, 0, 0, 0, 0, 895, 375 
0.000000, 750, 0, 0, 0, 0, 896, 375 
0.000000, 750, 0, 0, 0, 0, 897, 375 
0.000000, 750, 0, 0, 0, 0, 898, 375 
0.000000, 752, 0, 0, 0, 0, 898, 376 
0.000000, 752, 0, 0, 0, 0, 899, 376 
0.000000, 752, 0, 0, 0, 0, 900, 376 
0.000000, 754, 0, 0, 0, 0, 900, 377 
0.000000, 754, 0, 0, 0, 0, 901, 377 
0.000000, 756, 0, 0, 0, 0, 901, 378 
0.000000, 756, 0, 0, 0, 0, 902, 378 
0.000000, 756, 0, 0, 0, 0, 903, 378 
0.000000, 756, 0, 0, 0, 0, 904, 378 
0.000000, 758, 0, 0, 0, 0, 904, 379 
0.000000, 758, 0, 0, 0, 0, 905, 379 
0.000000, 760, 0, 0, 0, 0, 905, 380 
0.000000, 760, 0, 0, 0, 0, 906, 380 
0.000000, 760, 0, 0, 0, 0, 907, 380 
0.000000, 762, 0, 0, 0, 0, 907, 381 
0.000000, 762, 0, 0, 0, 0, 908, 381 
0.000000, 762, 0, 0, 0, 0, 909, 381 
0.000000, 764, 0, 0, 0, 0, 909, 382 
0.000000, 764, 0, 0, 0, 0, 910, 382 
0.000000, 764, 0, 0, 0, 0, 911, 382 
0.000000, 764, 0, 0, 0, 0, 912, 382 
0.000000, 766, 0, 0, 0, 0, 912, 383 
0.000000, 766, 0, 0, 0, 0, 913, 383 
0.000000, 768, 0, 0, 0, 0, 913, 384 
0.000000, 768, 0, 0, 0, 0, 914, 384 
0.000000, 768, 0, 0, 0, 0, 915, 384 
0.000000, 770, 0, 0, 0, 0, 915, 385 
0.000000, 770, 0, 0, 0, 0, 916, 385 
0.000000, 770, 0, 0, 0, 0, 917, 385 
0.000000, 770, 0, 0, 0, 0, 918, 385 
0.000000, 772, 0, 0, 0, 0, 918, 386 
0.000000, 772, 0, 0, 0, 0, 919, 386 
0.000000, 772, 0, 0, 0, 0, 920, 386 
0.000000, 774, 0, 0, 0, 0, 920, 387 
0.000000, 774, 0, 0, 0, 0, 921, 387 
0.000000, 776, 0, 0, 0, 0, 921, 388 
0.000000, 776, 0, 0, 0, 0, 922, 388 
0.000000, 776, 0, 0, 0, 0, 923, 388 
0.000000, 778, 0, 0, 0, 0, 923, 389 
0.000000, 778, 0, 0, 0, 0, 924, 389 
0.000000, 780, 0, 0, 0, 0, 924, 390 
0.000000, 780, 0, 0, 0, 0, 925, 390 
0.000000, 782, 0, 0, 0, 0, 925, 391 
0.000000, 782, 0, 0, 0, 0, 926, 391 
0.000000, 784, 0, 0, 0, 0, 926, 392 
0.000000, 784, 0, 0, 0, 0, 927, 392 
0.000000, 786, 0, 0, 0, 0, 927, 393 
0.000000, 786, 0, 0, 0, 0, 928, 393 
0.000000, 786, 0, 0, 0, 0, 929, 393 
0.000000, 786, 0, 0, 0, 0, 930, 393 
0.000000, 786, 0, 0, 0, 0, 931, 393 
0.000000, 788, 0, 0, 0, 0, 931, 394 
0.000000, 788, 0, 0, 0, 0, 932, 394 
0.000000, 788, 0, 0, 0, 0, 933, 394 
0.000000, 790, 0, 0, 0, 0, 933, 395 
0.000000, 790, 0, 0, 0, 0, 934, 395 
0.000000, 792, 0, 0, 0, 0, 934, 396 
0.000000, 792, 0, 0, 0, 0, 935, 396 
0.000000, 794, 0, 0, 0, 0, 935, 397 
0.000000, 794, 0, 0, 0, 0, 936, 397 
0.000000, 796, 0, 0, 0, 0, 936, 398 
0.000000, 796, 0, 0, 0, 0, 937, 398 
0.000000, 796, 0, 0, 0, 0, 938, 398 
0.000000, 796, 0, 0, 0, 0, 939, 398 
0.000000, 798, 0, 0, 0, 0, 939, 399 
0.000000, 798, 0, 0, 0, 0, 940, 399 
0.000000, 800, 0, 0, 0, 0, 940, 400 
0.000000, 800, 0, 0, 0, 0, 941, 400 
0.000000, 802, 0, 0, 0, 0, 941, 401 
0.000000, 802, 0, 0, 0, 0, 942, 401 
0.000000, 802, 0, 0, 0, 0, 943, 401 
0.000000, 802, 0, 0, 0, 0, 944, 401 
0.000000, 802, 0, 0, 0, 0, 945, 401 
0.000000, 804, 0, 0, 0, 0, 945, 402 
0.000000, 804, 0, 0, 0, 0, 946, 402 
0.000000, 806, 0, 0, 0, 0, 946, 403 
0.000000, 806, 0, 0, 0, 0, 947, 403 
0.000000, 806, 0, 0, 0, 0, 948, 403 
0.000000, 808, 0, 0, 0, 0, 948, 404 
0.000000, 808, 0, 0, 0, 0, 949, 404 
0.000000, 808, 0, 0, 0, 0, 950, 404 
0.000000, 808, 0, 0, 0, 0, 951, 404 
0.000000, 810, 0, 0, 0, 0, 951, 405 
0.000000, 810, 0, 0, 0, 0, 952, 405 
0.000000, 810, 0, 0, 0, 0, 953, 405 
0.000000, 810, 0, 0, 0, 0, 954, 405 
0.000000, 812, 0, 0, 0, 0, 954, 406 
0.000000, 812, 0, 0, 0, 0, 955, 406 
0.000000, 812, 0, 0, 0, 0, 956, 406 
0.000000, 812, 0, 0, 0, 0, 957, 406 
0.000000, 812, 0, 0, 0, 0, 958, 406 
0.000000, 814, 0, 0, 0, 0, 958, 407 
0.000000, 814, 0, 0, 0, 0, 959, 407 
0.000000, 816, 0, 0, 0, 0, 959, 408 
0.000000, 816, 0, 0, 0, 0, 960, 408 
0.000000, 816, 0, 0, 0, 0, 961, 408 
0.000000, 818, 0, 0, 0, 0, 961, 409 
0.000000, 818, 0, 0, 0, 0, 962, 409 
0.000000, 820, 0, 0, 0, 0, 962, 410 
0.000000, 820, 0, 0, 0, 0, 963, 410 
0.000000, 822, 0, 0, 0, 0, 963, 411 
0.000000, 822, 0, 0, 0, 0, 964, 411 
0.000000, 822, 0, 0, 0, 0, 965, 411 
0.000000, 824, 0, 0, 0, 0, 965, 412 
0.000000, 824, 0, 0, 0, 0, 966, 412 
0.000000, 824, 0, 0, 0, 0, 967, 412 
0.000000, 824, 0, 0, 0, 0, 968, 412 
0.000000, 824, 0, 0, 0, 0, 969, 412 
0.000000, 824, 0, 0, 0, 0, 970, 412 
0.000000, 826, 0, 0, 0, 0, 970, 413 
0.000000, 826, 0, 0, 0, 0, 971, 413 
0.000000, 828, 0, 0, 0, 0, 971, 414 
0.000000, 828, 0, 0, 0, 0, 972, 414 
0.000000, 830, 0, 0, 0, 0, 972, 415 
0.000000, 830, 0, 0, 0, 0, 973, 415 
0.000000, 832, 0, 0, 0, 0, 973, 416 
0.000000, 832, 0, 0, 0, 0, 974, 416 
0.000000, 832, 0, 0, 0, 0, 975, 416 
0.000000, 832, 0, 0, 0, 0, 976, 416 
0.000000, 834, 0, 0, 0, 0, 976, 417 
0.000000, 834, 0, 0, 0, 0, 977, 417 
0.000000, 834, 0, 0, 0, 0, 978, 417 
0.000000, 836, 0, 0, 0, 0, 978, 418 
0.000000, 836, 0, 0, 0, 0, 979, 418 
0.000000, 836, 0, 0, 0, 0, 980, 418 
0.000000, 836, 0, 0, 0, 0, 981, 418 
0.000000, 838, 0, 0, 0, 0, 981, 419 
0.000000, 838, 0, 0, 0, 0, 982, 419 
0.000000, 840, 0, 0, 0, 0, 982, 420 
0.000000, 840, 0, 0, 0, 0, 983, 420 
0.000000, 840, 0, 0, 0, 0, 984, 420 
0.000000, 840, 0, 0, 0, 0, 985, 420 
0.000000, 842, 0, 0, 0, 0, 985, 421 
0.000000, 842, 0, 0, 0, 0, 986, 421 
0.000000, 842, 0, 0, 0, 0, 987, 421 
0.000000, 842, 0, 0, 0, 0, 988, 421 
0.000000, 842, 0, 0, 0, 0, 989, 421 
0.000000, 844, 0, 0, 0, 0, 989, 422 
0.000000, 844, 0, 0, 0, 0, 990, 422 
0.000000, 844, 0, 0, 0, 0, 991, 422 
0.000000, 846, 0, 0, 0, 0, 991, 423 
0.000000, 846, 0, 0, 0, 0, 992, 423 
0.000000, 846, 0, 0, 0, 0, 993, 423 
0.000000, 848, 0, 0, 0, 0, 993, 424 
0.000000, 848, 0, 0, 0, 0, 994, 424 
0.000000, 848, 0, 0, 0, 0, 995, 424 
0.000000, 848, 0, 0, 0, 0, 996, 424 
0.000000, 848, 0, 0, 0, 0, 997, 424 
0.000000, 848, 0, 0, 0, 0, 998, 424 
0.000000, 850, 0, 0, 0, 0, 998, 425 
0.000000, 850, 0, 0, 0, 0, 999, 425 
0.000000, 850, 0, 0, 0, 0, 1000, 425 
0.000000, 850, 0, 0, 0, 0, 1001, 425 
0.000000, 852, 0, 0, 0, 0, 1001, 426 
0.000000, 852, 0, 0, 0, 0, 1002, 426 
0.000000, 852, 0, 0, 0, 0, 1003, 426 
0.000000, 854, 0, 0, 0, 0, 1003, 427 
0.000000, 854, 0, 0, 0, 0, 1004, 427 
0.000000, 856, 0, 0, 0, 0, 1004, 428 
0.000000, 856, 0, 0, 0, 0, 1005, 428 
0.000000, 856, 0, 0, 0, 0, 1006, 428 
0.000000, 856, 0, 0, 0, 0, 1007, 428 
0.000000, 858, 0, 0, 0, 0, 1007, 429 
0.000000, 858, 0, 0, 0, 0, 1008, 429 
0.000000, 860, 0, 0, 0, 0, 1008, 430 
0.000000, 860, 0, 0, 0, 0, 1009, 430 
0.000000, 862, 0, 0, 0, 0, 1009, 431 
0.000000, 862, 0, 0, 0, 0, 1010, 431 
0.000000, 864, 0, 0, 0, 0, 1010, 432 
0.000000, 864, 0, 0, 0, 0, 1011, 432 
0.000000, 864, 0, 0, 0, 0, 1012, 432 
0.000000, 864, 0, 0, 0, 0, 1013, 432 
0.000000, 866, 0, 0, 0, 0, 1013, 433 
0.000000, 866, 0, 0, 0, 0, 1014, 433 
0.000000, 866, 0, 0, 0, 0, 1015, 433 
0.000000, 868, 0, 0, 0, 0, 1015, 434 
0.000000, 868, 0, 0, 0, 0, 1016, 434 
0.000000, 868, 0, 0, 0, 0, 1017, 434 
0.000000, 868, 0, 0, 0, 0, 1018, 434 
0.000000, 870, 0, 0, 0, 0, 1018, 435 
0.000000, 870, 0, 0, 0, 0, 1019, 435 
0.000000, 870, 0, 0, 0, 0, 1020, 435 
0.000000, 870, 0, 0, 0, 0, 1021, 435 
0.000000, 870, 0, 0, 0, 0, 1022, 435 
0.000000, 872, 0, 0, 0, 0, 1022, 436 
0.000000, 872, 0, 0, 0, 0, 1023, 436 
0.000000, 874, 0, 0, 0, 0, 1023, 437 
0.000000, 874, 0, 0, 0, 0, 1024, 437 
0.000000, 876, 0, 0, 0, 0, 1024, 438 
0.000000, 876, 0, 0, 0, 0, 1025, 438 
0.000000, 876, 0, 0, 0, 0, 1026, 438 
0.000000, 878, 0, 0, 0, 0, 1026, 439 
0.000000, 878, 0, 0, 0, 0, 1027, 439 
0.000000, 878, 0, 0, 0, 0, 1028, 439 
0.000000, 878, 0, 0, 0, 0, 1029, 439 
0.000000, 880, 0, 0, 0, 0, 1029, 440 
0.000000, 880, 0, 0, 0, 0, 1030, 440 
0.000000, 882, 0, 0, 0, 0, 1030, 441 
0.000000, 882, 0, 0, 0, 0, 1031, 441 
0.000000, 884, 0, 0, 0, 0, 1031, 442 
0.000000, 884, 0, 0, 0, 0, 1032, 442 
0.000000, 884, 0, 0, 0, 0, 1033, 442 
0.000000, 886, 0, 0, 0, 0, 1033, 443 
0.000000, 886, 0, 0, 0, 0, 1034, 443 
0.000000, 886, 0, 0, 0, 0, 1035, 443 
0.000000, 888, 0, 0, 0, 0, 1035, 444 
0.000000, 888, 0, 0, 0, 0, 1036, 444 
0.000000, 888, 0, 0, 0, 0, 1037, 444 
0.000000, 890, 0, 0, 0, 0, 1037, 445 
0.000000, 890, 0, 0, 0, 0, 1038, 445 
0.000000, 890, 0, 0, 0, 0, 1039, 445 
0.000000, 890, 0, 0, 0, 0, 1040, 445 
0.000000, 890, 0, 0, 0, 0, 1041, 445 
0.000000, 890, 0, 0, 0, 0, 1042, 445 
0.000000, 890, 0, 0, 0, 0, 1043, 445 
0.000000, 890, 0, 0, 0, 0, 1044, 445 
0.000000, 890, 0, 0, 0, 0, 1045, 445 
0.000000, 890, 0, 0, 0, 0, 1046, 445 
0.000000, 890, 0, 0, 0, 0, 1047, 445 
0.000000, 890, 0, 0, 0, 0, 1048, 445 
0.000000, 890, 0, 0, 0, 0, 1049, 445 
0.000000, 892, 0, 0, 0, 0, 1049, 446 
0.000000, 892, 0, 0, 0, 0, 1050, 446 
0.000000, 892, 0, 0, 0, 0, 1051, 446 
0.000000, 894, 0, 0, 0, 0, 1051, 447 
0.000000, 894, 0, 0, 0, 0, 1052, 447 
0.000000, 894, 0, 0, 0, 0, 1053, 447 
0.000000, 896, 0, 0, 0, 0, 1053, 448 
0.000000, 896, 0, 0, 0, 0, 1054, 448 
0.000000, 896, 0, 0, 0, 0, 1055, 448 
0.000000, 896, 0, 0, 0, 0, 1056, 448 
0.000000, 896, 0, 0, 0, 0, 1057, 448 
0.000000, 896, 0, 0, 0, 0, 1058, 448 
0.000000, 896, 0, 0, 0, 0, 1059, 448 
0.000000, 898, 0, 0, 0, 0, 1059, 449 
0.000000, 898, 0, 0, 0, 0, 1060, 449 
0.000000, 900, 0, 0, 0, 0, 1060, 450 
0.000000, 900, 0, 0, 0, 0, 1061, 450 
0.000000, 902, 0, 0, 0, 0, 1061, 451 
0.000000, 902, 0, 0, 0, 0, 1062, 451 
0.000000, 904, 0, 0, 0, 0, 1062, 452 
0.000000, 904, 0, 0, 0, 0, 1063, 452 
0.000000, 904, 0, 0, 0, 0, 1064, 452 
0.000000, 906, 0, 0, 0, 0, 1064, 453 
0.000000, 906, 0, 0, 0, 0, 1065, 453 
0.000000, 906, 0, 0, 0, 0, 1066, 453 
0.000000, 908, 0, 0, 0, 0, 1066, 454 
0.000000, 908, 0, 0, 0, 0, 1067, 454 
0.000000, 908, 0, 0, 0, 0, 1068, 454 
0.000000, 908, 0, 0, 0, 0, 1069, 454 
0.000000, 908, 0, 0, 0, 0, 1070, 454 
0.000000, 908, 0, 0, 0, 0, 1071, 454 
0.000000, 908, 0, 0, 0, 0, 1072, 454 
0.000000, 908, 0, 0, 0, 0, 1073, 454 
0.000000, 908, 0, 0, 0, 0, 1074, 454 
0.000000, 908, 0, 0, 0, 0, 1075, 454 
0.000000, 910, 0, 0, 0, 0, 1075, 455 
0.000000, 910, 0, 0, 0, 0, 1076, 455 
0.000000, 910, 0, 0, 0, 0, 1077, 455 
0.000000, 912, 0, 0, 0, 0, 1077, 456 
0.000000, 912, 0, 0, 0, 0, 1078, 456 
0.000000, 912, 0, 0, 0, 0, 1079, 456 
0.000000, 914, 0, 0, 0, 0, 1079, 457 
0.000000, 914, 0, 0, 0, 0, 1080, 457 
0.000000, 914, 0, 0, 0, 0, 1081, 457 
0.000000, 914, 0, 0, 0, 0, 1082, 457 
0.000000, 914, 0, 0, 0, 0, 1083, 457 
0.000000, 914, 0, 0, 0, 0, 1084, 457 
0.000000, 916, 0, 0, 0, 0, 1084, 458 
0.000000, 916, 0, 0, 0, 0, 1085, 458 
0.000000, 918, 0, 0, 0, 0, 1085, 459 
0.000000, 918, 0, 0, 0, 0, 1086, 459 
0.000000, 918, 0, 0, 0, 0, 1087, 459 
0.000000, 918, 0, 0, 0, 0, 1088, 459 
0.000000, 920, 0, 0, 0, 0, 1088, 460 
0.000000, 920, 0, 0, 0, 0, 1089, 460 
0.000000, 920, 0, 0, 0, 0, 1090, 460 
0.000000, 922, 0, 0, 0, 0, 1090, 461 
0.000000, 922, 0, 0, 0, 0, 1091, 461 
0.000000, 924, 0, 0, 0, 0, 1091, 462 
0.000000, 924, 0, 0, 0, 0, 1092, 462 
0.000000, 924, 0, 0, 0, 0, 1093, 462 
0.000000, 924, 0, 0, 0, 0, 1094, 462 
0.000000, 924, 0, 0, 0, 0, 1095, 462 
0.000000, 924, 0, 0, 0, 0, 1096, 462 
0.000000, 924, 0, 0, 0, 0, 1097, 462 
0.000000, 924, 0, 0, 0, 0, 1098, 462 
0.000000, 926, 0, 0, 0, 0, 1098, 463 
0.000000, 926, 0, 0, 0, 0, 1099, 463 
0.000000, 926, 0, 0, 0, 0, 1100, 463 
0.000000, 926, 0, 0, 0, 0, 1101, 463 
0.000000, 928, 0, 0, 0, 0, 1101, 464 
0.000000, 928, 0, 0, 0, 0, 1102, 464 
0.000000, 928, 0, 0, 0, 0, 1103, 464 
0.000000, 928, 0, 0, 0, 0, 1104, 464 
0.000000, 928, 0, 0, 0, 0, 1105, 464 
0.000000, 928, 0, 0, 0, 0, 1106, 464 
0.000000, 928, 0, 0, 0, 0, 1107, 464 
0.000000, 928, 0, 0, 0, 0, 1108, 464 
0.000000, 930, 0, 0, 0, 0, 1108, 465 
0.000000, 930, 0, 0, 0, 0, 1109, 465 
0.000000, 930, 0, 0, 0, 0, 1110, 465 
0.000000, 930, 0, 0, 0, 0, 1111, 465 
0.000000, 932, 0, 0, 0, 0, 1111, 466 
0.000000, 932, 0, 0, 0, 0, 1112, 466 
0.000000, 932, 0, 0, 0, 0, 1113, 466 
0.000000, 932, 0, 0, 0, 0, 1114, 466 
0.000000, 934, 0, 0, 0, 0, 1114, 467 
0.000000, 934, 0, 0, 0, 0, 1115, 467 
0.000000, 934, 0, 0, 0, 0, 1116, 467 
0.000000, 936, 0, 0, 0, 0, 1116, 468 
0.000000, 936, 0, 0, 0, 0, 1117, 468 
0.000000, 936, 0, 0, 0, 0, 1118, 468 
0.000000, 938, 0, 0, 0, 0, 1118, 469 
0.000000, 938, 0, 0, 0, 0, 1119, 469 
0.000000, 938, 0, 0, 0, 0, 1120, 469 
0.000000, 940, 0, 0, 0, 0, 1120, 470 
0.000000, 940, 0, 0, 0, 0, 1121, 470 
0.000000, 940, 0, 0, 0, 0, 1122, 470 
0.000000, 940, 0, 0, 0, 0, 1123, 470 
0.000000, 940, 0, 0, 0, 0, 1124, 470 
0.000000, 940, 0, 0, 0, 0, 1125, 470 
0.000000, 942, 0, 0, 0, 0, 1125, 471 
0.000000, 942, 0, 0, 0, 0, 1126, 471 
0.000000, 944, 0, 0, 0, 0, 1126, 472 
0.000000, 944, 0, 0, 0, 0, 1127, 472 
0.000000, 944, 0, 0, 0, 0, 1128, 472 
0.000000, 944, 0, 0, 0, 0, 1129, 472 
0.000000, 946, 0, 0, 0, 0, 1129, 473 
0.000000, 946, 0, 0, 0, 0, 1130, 473 
0.000000, 948, 0, 0, 0, 0, 1130, 474 
0.000000, 948, 0, 0, 0, 0, 1131, 474 
0.000000, 948, 0, 0, 0, 0, 1132, 474 
0.000000, 948, 0, 0, 0, 0, 1133, 474 
0.000000, 948, 0, 0, 0, 0, 1134, 474 
0.000000, 948, 0, 0, 0, 0, 1135, 474 
0.000000, 948, 0, 0, 0, 0, 1136, 474 
0.000000, 950, 0, 0, 0, 0, 1136, 475 
0.000000, 950, 0, 0, 0, 0, 1137, 475 
0.000000, 950, 0, 0, 0, 0, 1138, 475 
0.000000, 952, 0, 0, 0, 0, 1138, 476 
0.000000, 952, 0, 0, 0, 0, 1139, 476 
0.000000, 954, 0, 0, 0, 0, 1139, 477 
0.000000, 954, 0, 0, 0, 0, 1140, 477 
0.000000, 954, 0, 0, 0, 0, 1141, 477 
0.000000, 954, 0, 0, 0, 0, 1142, 477 
0.000000, 954, 0, 0, 0, 0, 1143, 477 
0.000000, 956, 0, 0, 0, 0, 1143, 478 
0.000000, 956, 0, 0, 0, 0, 1144, 478 
0.000000, 956, 0, 0, 0, 0, 1145, 478 
0.000000, 958, 0, 0, 0, 0, 1145, 479 
0.000000, 958, 0, 0, 0, 0, 1146, 479 
0.000000, 958, 0, 0, 0, 0, 1147, 479 
0.000000, 958, 0, 0, 0, 0, 1148, 479 
0.000000, 958, 0, 0, 0, 0, 1149, 479 
0.000000, 960, 0, 0, 0, 0, 1149, 480 
0.000000, 960, 0, 0, 0, 0, 1150, 480 
0.000000, 960, 0, 0, 0, 0, 1151, 480 
0.000000, 960, 0, 0, 0, 0, 1152, 480 
0.000000, 962, 0, 0, 0, 0, 1152, 481 
0.000000, 962, 0, 0, 0, 0, 1153, 481 
0.000000, 962, 0, 0, 0, 0, 1154, 481 
0.000000, 964, 0, 0, 0, 0, 1154, 482 
0.000000, 964, 0, 0, 0, 0, 1155, 482 
0.000000, 966, 0, 0, 0, 0, 1155, 483 
0.000000, 966, 0, 0, 0, 0, 1156, 483 
0.000000, 968, 0, 0, 0, 0, 1156, 484 
0.000000, 968, 0, 0, 0, 0, 1157, 484 
0.000000, 970, 0, 0, 0, 0, 1157, 485 
0.000000, 970, 0, 0, 0, 0, 1158, 485 
0.000000, 972, 0, 0, 0, 0, 1158, 486 
0.000000, 972, 0, 0, 0, 0, 1159, 486 
0.000000, 974, 0, 0, 0, 0, 1159, 487 
0.000000, 974, 0, 0, 0, 0, 1160, 487 
0.000000, 974, 0, 0, 0, 0, 1161, 487 
0.000000, 976, 0, 0, 0, 0, 1161, 488 
0.000000, 976, 0, 0, 0, 0, 1162, 488 
0.000000, 976, 0, 0, 0, 0, 1163, 488 
0.000000, 976, 0, 0, 0, 0, 1164, 488 
0.000000, 978, 0, 0, 0, 0, 1164, 489 
0.000000, 978, 0, 0, 0, 0, 1165, 489 
0.000000, 978, 0, 0, 0, 0, 1166, 489 
0.000000, 978, 0, 0, 0, 0, 1167, 489 
0.000000, 980, 0, 0, 0, 0, 1167, 490 
0.000000, 980, 0, 0, 0, 0, 1168, 490 
0.000000, 982, 0, 0, 0, 0, 1168, 491 
0.000000, 982, 0, 0, 0, 0, 1169, 491 
0.000000, 984, 0, 0, 0, 0, 1169, 492 
0.000000, 984, 0, 0, 0, 0, 1170, 492 
0.000000, 984, 0, 0, 0, 0, 1171, 492 
0.000000, 986, 0, 0, 0, 0, 1171, 493 
0.000000, 986, 0, 0, 0, 0, 1172, 493 
0.000000, 986, 0, 0, 0, 0, 1173, 493 
0.000000, 986, 0, 0, 0, 0, 1174, 493 
0.000000, 988, 0, 0, 0, 0, 1174, 494 
0.000000, 988, 0, 0, 0, 0, 1175, 494 
0.000000, 988, 0, 0, 0, 0, 1176, 494 
0.000000, 988, 0, 0, 0, 0, 1177, 494 
0.000000, 988, 0, 0, 0, 0, 1178, 494 
0.000000, 990, 0, 0, 0, 0, 1178, 495 
0.000000, 990, 0, 0, 0, 0, 1179, 495 
0.000000, 992, 0, 0, 0, 0, 1179, 496 
0.000000, 992, 0, 0, 0, 0, 1180, 496 
0.000000, 994, 0, 0, 0, 0, 1180, 497 
0.000000, 994, 0, 0, 0, 0, 1181, 497 
0.000000, 996, 0, 0, 0, 0, 1181, 498 
0.000000, 996, 0, 0, 0, 0, 1182, 498 
0.000000, 998, 0, 0, 0, 0, 1182, 499 
0.000000, 998, 0, 0, 0, 0, 1183, 499 
0.000000, 998, 0, 0, 0, 0, 1184, 499 
0.000000, 1000, 0, 0, 0, 0, 1184, 500 
0.000000, 1000, 0, 0, 0, 0, 1185, 500 
0.000000, 1000, 0, 0, 0, 0, 1186, 500 
0.000000, 1002, 0, 0, 0, 0, 1186, 501 
0.000000, 1002, 0, 0, 0, 0, 1187, 501 
0.000000, 1002, 0, 0, 0, 0, 1188, 501 
0.000000, 1004, 0, 0, 0, 0, 1188, 502 
0.000000, 1004, 0, 0, 0, 0, 1189, 502 
0.000000, 1004, 0, 0, 0, 0, 1190, 502 
0.000000, 1006, 0, 0, 0, 0, 1190, 503 
0.000000, 1006, 0, 0, 0, 0, 1191, 503 
0.000000, 1008, 0, 0, 0, 0, 1191, 504 
0.000000, 1008, 0, 0, 0, 0, 1192, 504 
0.000000, 1010, 0, 0, 0, 0, 1192, 505 
0.000000, 1010, 0, 0, 0, 0, 1193, 505 
0.000000, 1010, 0, 0, 0, 0, 1194, 505 
0.000000, 1010, 0, 0, 0, 0, 1195, 505 
0.000000, 1012, 0, 0, 0, 0, 1195, 506 
0.000000, 1012, 0, 0, 0, 0, 1196, 506 
0.000000, 1012, 0, 0, 0, 0, 1197, 506 
0.000000, 1014, 0, 0, 0, 0, 1197, 507 
0.000000, 1014, 0, 0, 0, 0, 1198, 507 
0.000000, 1014, 0, 0, 0, 0, 1199, 507 
0.000000, 1016, 0, 0, 0, 0, 1199, 508 
0.000000, 1016, 0, 0, 0, 0, 1200, 508 
0.000000, 1018, 0, 0, 0, 0, 1200, 509 
0.000000, 1018, 0, 0, 0, 0, 1201, 509 
0.000000, 1020, 0, 0, 0, 0, 1201, 510 
0.000000, 1020, 0, 0, 0, 0, 1202, 510 
0.000000, 1020, 0, 0, 0, 0, 1203, 510 
0.000000, 1020, 0, 0, 0, 0, 1204, 510 
0.000000, 1020, 0, 0, 0, 0, 1205, 510 
0.000000, 1020, 0, 0, 0, 0, 1206, 510 
0.000000, 1020, 0, 0, 0, 0, 1207, 510 
0.000000, 1020, 0, 0, 0, 0, 1208, 510 
0.000000, 1022, 0, 0, 0, 0, 1208, 511 
0.000000, 1022, 0, 0, 0, 0, 1209, 511 
0.000000, 1022, 0, 0, 0, 0, 1210, 511 
0.000000, 1022, 0, 0, 0, 0, 1211, 511 
0.000000, 1022, 0, 0, 0, 0, 1212, 511 
0.000000, 1022, 0, 0, 0, 0, 1213, 511 
0.000000, 1022, 0, 0, 0, 0, 1214, 511 
0.000000, 1024, 0, 0, 0, 0, 1214, 512 
0.000000, 1024, 0, 0, 0, 0, 1215, 512 
0.000000, 1026, 0, 0, 0, 0, 1215, 513 
0.000000, 1026, 0, 0, 0, 0, 1216, 513 
0.000000, 1026, 0, 0, 0, 0, 1217, 513 
0.000000, 1028, 0, 0, 0, 0, 1217, 514 
0.000000, 1028, 0, 0, 0, 0, 1218, 514 
0.000000, 1028, 0, 0, 0, 0, 1219, 514 
0.000000, 1028, 0, 0, 0, 0, 1220, 514 
0.000000, 1030, 0, 0, 0, 0, 1220, 515 
0.000000, 1030, 0, 0, 0, 0, 1221, 515 
0.000000, 1030, 0, 0, 0, 0, 1222, 515 
0.000000, 1030, 0, 0, 0, 0, 1223, 515 
0.000000, 1032, 0, 0, 0, 0, 1223, 516 
0.000000, 1032, 0, 0, 0, 0, 1224, 516 
0.000000, 1034, 0, 0, 0, 0, 1224, 517 
0.000000, 1034, 0, 0, 0, 0, 1225, 517 
0.000000, 1034, 0, 0, 0, 0, 1226, 517 
0.000000, 1034, 0, 0, 0, 0, 1227, 517 
0.000000, 1036, 0, 0, 0, 0, 1227, 518 
0.000000, 1036, 0, 0, 0, 0, 1228, 518 
0.000000, 1038, 0, 0, 0, 0, 1228, 519 
0.000000, 1038, 0, 0, 0, 0, 1229, 519 
0.000000, 1040, 0, 0, 0, 0, 1229, 520 
0.000000, 1040, 0, 0, 0, 0, 1230, 520 
0.000000, 1040, 0, 0, 0, 0, 1231, 520 
0.000000, 1040, 0, 0, 0, 0, 1232, 520 
0.000000, 1042, 0, 0, 0, 0, 1232, 521 
0.000000, 1042, 0, 0, 0, 0, 1233, 521 
0.000000, 1042, 0, 0, 0, 0, 1234, 521 
0.000000, 1044, 0, 0, 0, 0, 1234, 522 
0.000000, 1044, 0, 0, 0, 0, 1235, 522 
0.000000, 1046, 0, 0, 0, 0, 1235, 523 
0.000000, 1046, 0, 0, 0, 0, 1236, 523 
0.000000, 1046, 0, 0, 0, 0, 1237, 523 
0.000000, 1048, 0, 0, 0, 0, 1237, 524 
0.000000, 1048, 0, 0, 0, 0, 1238, 524 
0.000000, 1048, 0, 0, 0, 0, 1239, 524 
0.000000, 1048, 0, 0, 0, 0, 1240, 524 
0.000000, 1050, 0, 0, 0, 0, 1240, 525 
0.000000, 1050, 0, 0, 0, 0, 1241, 525 
0.000000, 1050, 0, 0, 0, 0, 1242, 525 
0.000000, 1050, 0, 0, 0, 0, 1243, 525 
0.000000, 1050, 0, 0, 0, 0, 1244, 525 
0.000000, 1050, 0, 0, 0, 0, 1245, 525 
0.000000, 1052, 0, 0, 0, 0, 1245, 526 
0.000000, 1052, 0, 0, 0, 0, 1246, 526 
0.000000, 1052, 0, 0, 0, 0, 1247, 526 
0.000000, 1052, 0, 0, 0, 0, 1248, 526 
0.000000, 1052, 0, 0, 0, 0, 1249, 526 
0.000000, 1052, 0, 0, 0, 0, 1250, 526 
0.000000, 1054, 0, 0, 0, 0, 1250, 527 
0.000000, 1054, 0, 0, 0, 0, 1251, 527 
0.000000, 1054, 0, 0, 0, 0, 1252, 527 
0.000000, 1054, 0, 0, 0, 0, 1253, 527 
0.000000, 1056, 0, 0, 0, 0, 1253, 528 
0.000000, 1056, 0, 0, 0, 0, 1254, 528 
0.000000, 1058, 0, 0, 0, 0, 1254, 529 
0.000000, 1058, 0, 0, 0, 0, 1255, 529 
0.000000, 1058, 0, 0, 0, 0, 1256, 529 
0.000000, 1058, 0, 0, 0, 0, 1257, 529 
0.000000, 1058, 0, 0, 0, 0, 1258, 529 
0.000000, 1058, 0, 0, 0, 0, 1259, 529 
0.000000, 1058, 0, 0, 0, 0, 1260, 529 
0.000000, 1058, 0, 0, 0, 0, 1261, 529 
0.000000, 1058, 0, 0, 0, 0, 1262, 529 
0.000000, 1060, 0, 0, 0, 0, 1262, 530 
0.000000, 1060, 0, 0, 0, 0, 1263, 530 
0.000000, 1060, 0, 0, 0, 0, 1264, 530 
0.000000, 1062, 0, 0, 0, 0, 1264, 531 
0.000000, 1062, 0, 0, 0, 0, 1265, 531 
0.000000, 1064, 0, 0, 0, 0, 1265, 532 
0.000000, 1064, 0, 0, 0, 0, 1266, 532 
0.000000, 1064, 0, 0, 0, 0, 1267, 532 
0.000000, 1066, 0, 0, 0, 0, 1267, 533 
0.000000, 1066, 0, 0, 0, 0, 1268, 533 
0.000000, 1066, 0, 0, 0, 0, 1269, 533 
0.000000, 1066, 0, 0, 0, 0, 1270, 533 
0.000000, 1066, 0, 0, 0, 0, 1271, 533 
0.000000, 1066, 0, 0, 0, 0, 1272, 533 
0.000000, 1066, 0, 0, 0, 0, 1273, 533 
0.000000, 1066, 0, 0, 0, 0, 1274, 533 
0.000000, 1068, 0, 0, 0, 0, 1274, 534 
0.000000, 1068, 0, 0, 0, 0, 1275, 534 
0.000000, 1068, 0, 0, 0, 0, 1276, 534 
0.000000, 1068, 0, 0, 0, 0, 1277, 534 
0.000000, 1070, 0, 0, 0, 0, 1277, 535 
0.000000, 1070, 0, 0, 0, 0, 1278, 535 
0.000000, 1070, 0, 0, 0, 0, 1279, 535 
0.000000, 1072, 0, 0, 0, 0, 1279, 536 
0.000000, 1072, 0, 0, 0, 0, 1280, 536 
0.000000, 1072, 0, 0, 0, 0, 1281, 536 
0.000000, 1072, 0, 0, 0, 0, 1282, 536 
0.000000, 1072, 0, 0, 0, 0, 1283, 536 
0.000000, 1074, 0, 0, 0, 0, 1283, 537 
0.000000, 1074, 0, 0, 0, 0, 1284, 537 
0.000000, 1074, 0, 0, 0, 0, 1285, 537 
0.000000, 1074, 0, 0, 0, 0, 1286, 537 
0.000000, 1074, 0, 0, 0, 0, 1287, 537 
0.000000, 1076, 0, 0, 0, 0, 1287, 538 
0.000000, 1076, 0, 0, 0, 0, 1288, 538 
0.000000, 1078, 0, 0, 0, 0, 1288, 539 
0.000000, 1078, 0, 0, 0, 0, 1289, 539 
0.000000, 1078, 0, 0, 0, 0, 1290, 539 
0.000000, 1078, 0, 0, 0, 0, 1291, 539 
0.000000, 1078, 0, 0, 0, 0, 1292, 539 
0.000000, 1080, 0, 0, 0, 0, 1292, 540 
0.000000, 1080, 0, 0, 0, 0, 1293, 540 
0.000000, 1080, 0, 0, 0, 0, 1294, 540 
0.000000, 1080, 0, 0, 0, 0, 1295, 540 
0.000000, 1080, 0, 0, 0, 0, 1296, 540 
0.000000, 1082, 0, 0, 0, 0, 1296, 541 
0.000000, 1082, 0, 0, 0, 0, 1297, 541 
0.000000, 1082, 0, 0, 0, 0, 1298, 541 
0.000000, 1084, 0, 0, 0, 0, 1298, 542 
0.000000, 1084, 0, 0, 0, 0, 1299, 542 
0.000000, 1084, 0, 0, 0, 0, 1300, 542 
0.000000, 1084, 0, 0, 0, 0, 1301, 542 
0.000000, 1086, 0, 0, 0, 0, 1301, 543 
0.000000, 1086, 0, 0, 0, 0, 1302, 543 
0.000000, 1088, 0, 0, 0, 0, 1302, 544 
0.000000, 1088, 0, 0, 0, 0, 1303, 544 
0.000000, 1088, 0, 0, 0, 0, 1304, 544 
0.000000, 1088, 0, 0, 0, 0, 1305, 544 
0.000000, 1088, 0, 0, 0, 0, 1306, 544 
0.000000, 1090, 0, 0, 0, 0, 1306, 545 
0.000000, 1090, 0, 0, 0, 0, 1307, 545 
0.000000, 1092, 0, 0, 0, 0, 1307, 546 
0.000000, 1092, 0, 0, 0, 0, 1308, 546 
0.000000, 1092, 0, 0, 0, 0, 1309, 546 
0.000000, 1092, 0, 0, 0, 0, 1310, 546 
0.000000, 1092, 0, 0, 0, 0, 1311, 546 
0.000000, 1094, 0, 0, 0, 0, 1311, 547 
0.000000, 1094, 0, 0, 0, 0, 1312, 547 
0.000000, 1094, 0, 0, 0, 0, 1313, 547 
0.000000, 1094, 0, 0, 0, 0, 1314, 547 
0.000000, 1094, 0, 0, 0, 0, 1315, 547 
0.000000, 1096, 0, 0, 0, 0, 1315, 548 
0.000000, 1096, 0, 0, 0, 0, 1316, 548 
0.000000, 1096, 0, 0, 0, 0, 1317, 548 
0.000000, 1096, 0, 0, 0, 0, 1318, 548 
0.000000, 1096, 0, 0, 0, 0, 1319, 548 
0.000000, 1096, 0, 0, 0, 0, 1320, 548 
0.000000, 1096, 0, 0, 0, 0, 1321, 548 
0.000000, 1096, 0, 0, 0, 0, 1322, 548 
0.000000, 1098, 0, 0, 0, 0, 1322, 549 
0.000000, 1098, 0, 0, 0, 0, 1323, 549 
0.000000, 1098, 0, 0, 0, 0, 1324, 549 
0.000000, 1100, 0, 0, 0, 0, 1324, 550 
0.000000, 1100, 0, 0, 0, 0, 1325, 550 
0.000000, 1100, 0, 0, 0, 0, 1326, 550 
0.000000, 1100, 0, 0, 0, 0, 1327, 550 
0.000000, 1102, 0, 0, 0, 0, 1327, 551 
0.000000, 1102, 0, 0, 0, 0, 1328, 551 
0.000000, 1102, 0, 0, 0, 0, 1329, 551 
0.000000, 1102, 0, 0, 0, 0, 1330, 551 
0.000000, 1104, 0, 0, 0, 0, 1330, 552 
0.000000, 1104, 0, 0, 0, 0, 1331, 552 
0.000000, 1104, 0, 0, 0, 0, 1332, 552 
0.000000, 1104, 0, 0, 0, 0, 1333, 552 
0.000000, 1104, 0, 0, 0, 0, 1334, 552 
0.000000, 1106, 0, 0, 0, 0, 1334, 553 
0.000000, 1106, 0, 0, 0, 0, 1335, 553 
0.000000, 1106, 0, 0, 0, 0, 1336, 553 
0.000000, 1108, 0, 0, 0, 0, 1336, 554 
0.000000, 1108, 0, 0, 0, 0, 1337, 554 
0.000000, 1108, 0, 0, 0, 0, 1338, 554 
0.000000, 1110, 0, 0, 0, 0, 1338, 555 
0.000000, 1110, 0, 0, 0, 0, 1339, 555 
0.000000, 1110, 0, 0, 0, 0, 1340, 555 
0.000000, 1110, 0, 0, 0, 0, 1341, 555 
0.000000, 1112, 0, 0, 0, 0, 1341, 556 
0.000000, 1112, 0, 0, 0, 0, 1342, 556 
0.000000, 1112, 0, 0, 0, 0, 1343, 556 
0.000000, 1112, 0, 0, 0, 0, 1344, 556 
0.000000, 1112, 0, 0, 0, 0, 1345, 556 
0.000000, 1112, 0, 0, 0, 0, 1346, 556 
0.000000, 1114, 0, 0, 0, 0, 1346, 557 
0.000000, 1114, 0, 0, 0, 0, 1347, 557 
0.000000, 1114, 0, 0, 0, 0, 1348, 557 
0.000000, 1116, 0, 0, 0, 0, 1348, 558 
0.000000, 1116, 0, 0, 0, 0, 1349, 558 
0.000000, 1118, 0, 0, 0, 0, 1349, 559 
0.000000, 1118, 0, 0, 0, 0, 1350, 559 
0.000000, 1118, 0, 0, 0, 0, 1351, 559 
0.000000, 1118, 0, 0, 0, 0, 1352, 559 
0.000000, 1120, 0, 0, 0, 0, 1352, 560 
0.000000, 1120, 0, 0, 0, 0, 1353, 560 
0.000000, 1120, 0, 0, 0, 0, 1354, 560 
0.000000, 1122, 0, 0, 0, 0, 1354, 561 
0.000000, 1122, 0, 0, 0, 0, 1355, 561 
0.000000, 1122, 0, 0, 0, 0, 1356, 561 
0.000000, 1122, 0, 0, 0, 0, 1357, 561 
0.000000, 1122, 0, 0, 0, 0, 1358, 561 
0.000000, 1122, 0, 0, 0, 0, 1359, 561 
0.000000, 1122, 0, 0, 0, 0, 1360, 561 
0.000000, 1124, 0, 0, 0, 0, 1360, 562 
0.000000, 1124, 0, 0, 0, 0, 1361, 562 
0.000000, 1124, 0, 0, 0, 0, 1362, 562 
0.000000, 1124, 0, 0, 0, 0, 1363, 562 
0.000000, 1124, 0, 0, 0, 0, 1364, 562 
0.000000, 1126, 0, 0, 0, 0, 1364, 563 
0.000000, 1126, 0, 0, 0, 0, 1365, 563 
0.000000, 1128, 0, 0, 0, 0, 1365, 564 
0.000000, 1128, 0, 0, 0, 0, 1366, 564 
0.000000, 1128, 0, 0, 0, 0, 1367, 564 
0.000000, 1130, 0, 0, 0, 0, 1367, 565 
0.000000, 1130, 0, 0, 0, 0, 1368, 565 
0.000000, 1130, 0, 0, 0, 0, 1369, 565 
0.000000, 1130, 0, 0, 0, 0, 1370, 565 
0.000000, 1130, 0, 0, 0, 0, 1371, 565 
0.000000, 1130, 0, 0, 0, 0, 1372, 565 
0.000000, 1132, 0, 0, 0, 0, 1372, 566 
0.000000, 1132, 0, 0, 0, 0, 1373, 566 
0.000000, 1132, 0, 0, 0, 0, 1374, 566 
0.000000, 1132, 0, 0, 0, 0, 1375, 566 
0.000000, 1134, 0, 0, 0, 0, 1375, 567 
0.000000, 1134, 0, 0, 0, 0, 1376, 567 
0.000000, 1136, 0, 0, 0, 0, 1376, 568 
0.000000, 1136, 0, 0, 0, 0, 1377, 568 
0.000000, 1138, 0, 0, 0, 0, 1377, 569 
0.000000, 1138, 0, 0, 0, 0, 1378, 569 
0.000000, 1138, 0, 0, 0, 0, 1379, 569 
0.000000, 1138, 0, 0, 0, 0, 1380, 569 
0.000000, 1138, 0, 0, 0, 0, 1381, 569 
0.000000, 1138, 0, 0, 0, 0, 1382, 569 
0.000000, 1138, 0, 0, 0, 0, 1383, 569 
0.000000, 1138, 0, 0, 0, 0, 1384, 569 
0.000000, 1138, 0, 0, 0, 0, 1385, 569 
0.000000, 1138, 0, 0, 0, 0, 1386, 569 
0.000000, 1140, 0, 0, 0, 0, 1386, 570 
0.000000, 1140, 0, 0, 0, 0, 1387, 570 
0.000000, 1140, 0, 0, 0, 0, 1388, 570 
0.000000, 1142, 0, 0, 0, 0, 1388, 571 
0.000000, 1142, 0, 0, 0, 0, 1389, 571 
0.000000, 1144, 0, 0, 0, 0, 1389, 572 
0.000000, 1144, 0, 0, 0, 0, 1390, 572 
0.000000, 1146, 0, 0, 0, 0, 1390, 573 
0.000000, 1146, 0, 0, 0, 0, 1391, 573 
0.000000, 1146, 0, 0, 0, 0, 1392, 573 
0.000000, 1148, 0, 0, 0, 0, 1392, 574 
0.000000, 1148, 0, 0, 0, 0, 1393, 574 
0.000000, 1150, 0, 0, 0, 0, 1393, 575 
0.000000, 1150, 0, 0, 0, 0, 1394, 575 
0.000000, 1150, 0, 0, 0, 0, 1395, 575 
0.000000, 1150, 0, 0, 0, 0, 1396, 575 
0.000000, 1152, 0, 0, 0, 0, 1396, 576 
0.000000, 1152, 0, 0, 0, 0, 1397, 576 
0.000000, 1152, 0, 0, 0, 0, 1398, 576 
0.000000, 1152, 0, 0, 0, 0, 1399, 576 
0.000000, 1152, 0, 0, 0, 0, 1400, 576 
0.000000, 1154, 0, 0, 0, 0, 1400, 577 
0.000000, 1154, 0, 0, 0, 0, 1401, 577 
0.000000, 1154, 0, 0, 0, 0, 1402, 577 
0.000000, 1154, 0, 0, 0, 0, 1403, 577 
0.000000, 1156, 0, 0, 0, 0, 1403, 578 
0.000000, 1156, 0, 0, 0, 0, 1404, 578 
0.000000, 1156, 0, 0, 0, 0, 1405, 578 
0.000000, 1156, 0, 0, 0, 0, 1406, 578 
0.000000, 1158, 0, 0, 0, 0, 1406, 579 
0.000000, 1158, 0, 0, 0, 0, 1407, 579 
0.000000, 1160, 0, 0, 0, 0, 1407, 580 
0.000000, 1160, 0, 0, 0, 0, 1408, 580 
0.000000, 1162, 0, 0, 0, 0, 1408, 581 
0.000000, 1162, 0, 0, 0, 0, 1409, 581 
0.000000, 1162, 0, 0, 0, 0, 1410, 581 
0.000000, 1162, 0, 0, 0, 0, 1411, 581 
0.000000, 1162, 0, 0, 0, 0, 1412, 581 
0.000000, 1164, 0, 0, 0, 0, 1412, 582 
0.000000, 1164, 0, 0, 0, 0, 1413, 582 
0.000000, 1166, 0, 0, 0, 0, 1413, 583 
0.000000, 1166, 0, 0, 0, 0, 1414, 583 
0.000000, 1166, 0, 0, 0, 0, 1415, 583 
0.000000, 1166, 0, 0, 0, 0, 1416, 583 
0.000000, 1166, 0, 0, 0, 0, 1417, 583 
0.000000, 1168, 0, 0, 0, 0, 1417, 584 
0.000000, 1168, 0, 0, 0, 0, 1418, 584 
0.000000, 1168, 0, 0, 0, 0, 1419, 584 
0.000000, 1170, 0, 0, 0, 0, 1419, 585 
0.000000, 1170, 0, 0, 0, 0, 1420, 585 
0.000000, 1170, 0, 0, 0, 0, 1421, 585 
0.000000, 1172, 0, 0, 0, 0, 1421, 586 
0.000000, 1172, 0, 0, 0, 0, 1422, 586 
0.000000, 1172, 0, 0, 0, 0, 1423, 586 
0.000000, 1174, 0, 0, 0, 0, 1423, 587 
0.000000, 1174, 0, 0, 0, 0, 1424, 587 
0.000000, 1174, 0, 0, 0, 0, 1425, 587 
0.000000, 1174, 0, 0, 0, 0, 1426, 587 
0.000000, 1174, 0, 0, 0, 0, 1427, 587 
0.000000, 1174, 0, 0, 0, 0, 1428, 587 
0.000000, 1176, 0, 0, 0, 0, 1428, 588 
0.000000, 1176, 0, 0, 0, 0, 1429, 588 
0.000000, 1176, 0, 0, 0, 0, 1430, 588 
0.000000, 1176, 0, 0, 0, 0, 1431, 588 
0.000000, 1178, 0, 0, 0, 0, 1431, 589 
0.000000, 1178, 0, 0, 0, 0, 1432, 589 
0.000000, 1178, 0, 0, 0, 0, 1433, 589 
0.000000, 1178, 0, 0, 0, 0, 1434, 589 
0.000000, 1178, 0, 0, 0, 0, 1435, 589 
0.000000, 1178, 0, 0, 0, 0, 1436, 589 
0.000000, 1180, 0, 0, 0, 0, 1436, 590 
0.000000, 1180, 0, 0, 0, 0, 1437, 590 
0.000000, 1182, 0, 0, 0, 0, 1437, 591 
0.000000, 1182, 0, 0, 0, 0, 1438, 591 
0.000000, 1182, 0, 0, 0, 0, 1439, 591 
0.000000, 1182, 0, 0, 0, 0, 1440, 591 
0.000000, 1182, 0, 0, 0, 0, 1441, 591 
0.000000, 1184, 0, 0, 0, 0, 1441, 592 
0.000000, 1184, 0, 0, 0, 0, 1442, 592 
0.000000, 1184, 0, 0, 0, 0, 1443, 592 
0.000000, 1186, 0, 0, 0, 0, 1443, 593 
0.000000, 1186, 0, 0, 0, 0, 1444, 593 
0.000000, 1186, 0, 0, 0, 0, 1445, 593 
0.000000, 1188, 0, 0, 0, 0, 1445, 594 
0.000000, 1188, 0, 0, 0, 0, 1446, 594 
0.000000, 1188, 0, 0, 0, 0, 1447, 594 
0.000000, 1190, 0, 0, 0, 0, 1447, 595 
0.000000, 1190, 0, 0, 0, 0, 1448, 595 
0.000000, 1190, 0, 0, 0, 0, 1449, 595 
0.000000, 1190, 0, 0, 0, 0, 1450, 595 
0.000000, 1192, 0, 0, 0, 0, 1450, 596 
0.000000, 1192, 0, 0, 0, 0, 1451, 596 
0.000000, 1192, 0, 0, 0, 0, 1452, 596 
0.000000, 1194, 0, 0, 0, 0, 1452, 597 
0.000000, 1194, 0, 0, 0, 0, 1453, 597 
0.000000, 1196, 0, 0, 0, 0, 1453, 598 
0.000000, 1196, 0, 0, 0, 0, 1454, 598 
0.000000, 1198, 0, 0, 0, 0, 1454, 599 
0.000000, 1198, 0, 0, 0, 0, 1455, 599 
0.000000, 1200, 0, 0, 0, 0, 1455, 600 
0.000000, 1200, 0, 0, 0, 0, 1456, 600 
0.000000, 1200, 0, 0, 0, 0, 1457, 600 
0.000000, 1200, 0, 0, 0, 0, 1458, 600 
0.000000, 1202, 0, 0, 0, 0, 1458, 601 
0.000000, 1202, 0, 0, 0, 0, 1459, 601 
0.000000, 1202, 0, 0, 0, 0, 1460, 601 
0.000000, 1202, 0, 0, 0, 0, 1461, 601 
0.000000, 1204, 0, 0, 0, 0, 1461, 602 
0.000000, 1204, 0, 0, 0, 0, 1462, 602 
0.000000, 1206, 0, 0, 0, 0, 1462, 603 
0.000000, 1206, 0, 0, 0, 0, 1463, 603 
0.000000, 1208, 0, 0, 0, 0, 1463, 604 
0.000000, 1208, 0, 0, 0, 0, 1464, 604 
0.000000, 1210, 0, 0, 0, 0, 1464, 605 
0.000000, 1210, 0, 0, 0, 0, 1465, 605 
0.000000, 1210, 0, 0, 0, 0, 1466, 605 
0.000000, 1212, 0, 0, 0, 0, 1466, 606 
0.000000, 1212, 0, 0, 0, 0, 1467, 606 
0.000000, 1212, 0, 0, 0, 0, 1468, 606 
0.000000, 1212, 0, 0, 0, 0, 1469, 606 
0.000000, 1212, 0, 0, 0, 0, 1470, 606 
0.000000, 1214, 0, 0, 0, 0, 1470, 607 
0.000000, 1214, 0, 0, 0, 0, 1471, 607 
0.000000, 1214, 0, 0, 0, 0, 1472, 607 
0.000000, 1214, 0, 0, 0, 0, 1473, 607 
0.000000, 1214, 0, 0, 0, 0, 1474, 607 
0.000000, 1214, 0, 0, 0, 0, 1475, 607 
0.000000, 1214, 0, 0, 0, 0, 1476, 607 
0.000000, 1216, 0, 0, 0, 0, 1476, 608 
0.000000, 1216, 0, 0, 0, 0, 1477, 608 
0.000000, 1216, 0, 0, 0, 0, 1478, 608 
0.000000, 1216, 0, 0, 0, 0, 1479, 608 
0.000000, 1216, 0, 0, 0, 0, 1480, 608 
0.000000, 1216, 0, 0, 0, 0, 1481, 608 
0.000000, 1216, 0, 0, 0, 0, 1482, 608 
0.000000, 1216, 0, 0, 0, 0, 1483, 608 
0.000000, 1218, 0, 0, 0, 0, 1483, 609 
0.000000, 1218, 0, 0, 0, 0, 1484, 609 
0.000000, 1220, 0, 0, 0, 0, 1484, 610 
0.000000, 1220, 0, 0, 0, 0, 1485, 610 
0.000000, 1222, 0, 0, 0, 0, 1485, 611 
0.000000, 1222, 0, 0, 0, 0, 1486, 611 
0.000000, 1222, 0, 0, 0, 0, 1487, 611 
0.000000, 1222, 0, 0, 0, 0, 1488, 611 
0.000000, 1222, 0, 0, 0, 0, 1489, 611 
0.000000, 1224, 0, 0, 0, 0, 1489, 612 
0.000000, 1224, 0, 0, 0, 0, 1490, 612 
0.000000, 1224, 0, 0, 0, 0, 1491, 612 
0.000000, 1226, 0, 0, 0, 0, 1491, 613 
0.000000, 1226, 0, 0, 0, 0, 1492, 613 
0.000000, 1228, 0, 0, 0, 0, 1492, 614 
0.000000, 1228, 0, 0, 0, 0, 1493, 614 
0.000000, 1228, 0, 0, 0, 0, 1494, 614 
0.000000, 1228, 0, 0, 0, 0, 1495, 614 
0.000000, 1230, 0, 0, 0, 0, 1495, 615 
0.000000, 1230, 0, 0, 0, 0, 1496, 615 
0.000000, 1232, 0, 0, 0, 0, 1496, 616 
0.000000, 1232, 0, 0, 0, 0, 1497, 616 
0.000000, 1232, 0, 0, 0, 0, 1498, 616 
0.000000, 1232, 0, 0, 0, 0, 1499, 616 
0.000000, 1232, 0, 0, 0, 0, 1500, 616 
0.000000, 1232, 0, 0, 0, 0, 1501, 616 
0.000000, 1234, 0, 0, 0, 0, 1501, 617 
0.000000, 1234, 0, 0, 0, 0, 1502, 617 
0.000000, 1234, 0, 0, 0, 0, 1503, 617 
0.000000, 1234, 0, 0, 0, 0, 1504, 617 
0.000000, 1234, 0, 0, 0, 0, 1505, 617 
0.000000, 1234, 0, 0, 0, 0, 1506, 617 
0.000000, 1234, 0, 0, 0, 0, 1507, 617 
0.000000, 1234, 0, 0, 0, 0, 1508, 617 
0.000000, 1236, 0, 0, 0, 0, 1508, 618 
0.000000, 1236, 0, 0, 0, 0, 1509, 618 
0.000000, 1238, 0, 0, 0, 0, 1509, 619 
0.000000, 1238, 0, 0, 0, 0, 1510, 619 
0.000000, 1238, 0, 0, 0, 0, 1511, 619 
0.000000, 1238, 0, 0, 0, 0, 1512, 619 
0.000000, 1238, 0, 0, 0, 0, 1513, 619 
0.000000, 1238, 0, 0, 0, 0, 1514, 619 
0.000000, 1238, 0, 0, 0, 0, 1515, 619 
0.000000, 1238, 0, 0, 0, 0, 1516, 619 
0.000000, 1238, 0, 0, 0, 0, 1517, 619 
0.000000, 1240, 0, 0, 0, 0, 1517, 620 
0.000000, 1240, 0, 0, 0, 0, 1518, 620 
0.000000, 1240, 0, 0, 0, 0, 1519, 620 
0.000000, 1240, 0, 0, 0, 0, 1520, 620 
0.000000, 1240, 0, 0, 0, 0, 1521, 620 
0.000000, 1240, 0, 0, 0, 0, 1522, 620 
0.000000, 1240, 0, 0, 0, 0, 1523, 620 
0.000000, 1240, 0, 0, 0, 0, 1524, 620 
0.000000, 1242, 0, 0, 0, 0, 1524, 621 
0.000000, 1242, 0, 0, 0, 0, 1525, 621 
0.000000, 1242, 0, 0, 0, 0, 1526, 621 
0.000000, 1242, 0, 0, 0, 0, 1527, 621 
0.000000, 1244, 0, 0, 0, 0, 1527, 622 
0.000000, 1244, 0, 0, 0, 0, 1528, 622 
0.000000, 1244, 0, 0, 0, 0, 1529, 622 
0.000000, 1246, 0, 0, 0, 0, 1529, 623 
0.000000, 1246, 0, 0, 0, 0, 1530, 623 
0.000000, 1248, 0, 0, 0, 0, 1530, 624 
0.000000, 1248, 0, 0, 0, 0, 1531, 624 
0.000000, 1250, 0, 0, 0, 0, 1531, 625 
0.000000, 1250, 0, 0, 0, 0, 1532, 625 
0.000000, 1252, 0, 0, 0, 0, 1532, 626 
0.000000, 1252, 0, 0, 0, 0, 1533, 626 
0.000000, 1254, 0, 0, 0, 0, 1533, 627 
0.000000, 1254, 0, 0, 0, 0, 1534, 627 
0.000000, 1254, 0, 0, 0, 0, 1535, 627 
0.000000, 1254, 0, 0, 0, 0, 1536, 627 
0.000000, 1254, 0, 0, 0, 0, 1537, 627 
0.000000, 1256, 0, 0, 0, 0, 1537, 628 
0.000000, 1256, 0, 0, 0, 0, 1538, 628 
0.000000, 1258, 0, 0, 0, 0, 1538, 629 
0.000000, 1258, 0, 0, 0, 0, 1539, 629 
0.000000, 1258, 0, 0, 0, 0, 1540, 629 
0.000000, 1258, 0, 0, 0, 0, 1541, 629 
0.000000, 1258, 0, 0, 0, 0, 1542, 629 
0.000000, 1260, 0, 0, 0, 0, 1542, 630 
0.000000, 1260, 0, 0, 0, 0, 1543, 630 
0.000000, 1262, 0, 0, 0, 0, 1543, 631 
0.000000, 1262, 0, 0, 0, 0, 1544, 631 
0.000000, 1264, 0, 0, 0, 0, 1544, 632 
0.000000, 1264, 0, 0, 0, 0, 1545, 632 
0.000000, 1266, 0, 0, 0, 0, 1545, 633 
0.000000, 1266, 0, 0, 0, 0, 1546, 633 
0.000000, 1266, 0, 0, 0, 0, 1547, 633 
0.000000, 1268, 0, 0, 0, 0, 1547, 634 
0.000000, 1268, 0, 0, 0, 0, 1548, 634 
0.000000, 1268, 0, 0, 0, 0, 1549, 634 
0.000000, 1268, 0, 0, 0, 0, 1550, 634 
0.000000, 1270, 0, 0, 0, 0, 1550, 635 
0.000000, 1270, 0, 0, 0, 0, 1551, 635 
0.000000, 1270, 0, 0, 0, 0, 1552, 635 
0.000000, 1272, 0, 0, 0, 0, 1552, 636 
0.000000, 1272, 0, 0, 0, 0, 1553, 636 
0.000000, 1274, 0, 0, 0, 0, 1553, 637 
0.000000, 1274, 0, 0, 0, 0, 1554, 637 
0.000000, 1276, 0, 0, 0, 0, 1554, 638 
0.000000, 1276, 0, 0, 0, 0, 1555, 638 
0.000000, 1276, 0, 0, 0, 0, 1556, 638 
0.000000, 1276, 0, 0, 0, 0, 1557, 638 
0.000000, 1276, 0, 0, 0, 0, 1558, 638 
0.000000, 1278, 0, 0, 0, 0, 1558, 639 
0.000000, 1278, 0, 0, 0, 0, 1559, 639 
0.000000, 1278, 0, 0, 0, 0, 1560, 639 
0.000000, 1278, 0, 0, 0, 0, 1561, 639 
0.000000, 1280, 0, 0, 0, 0, 1561, 640 
0.000000, 1280, 0, 0, 0, 0, 1562, 640 
0.000000, 1282, 0, 0, 0, 0, 1562, 641 
0.000000, 1282, 0, 0, 0, 0, 1563, 641 
0.000000, 1282, 0, 0, 0, 0, 1564, 641 
0.000000, 1282, 0, 0, 0, 0, 1565, 641 
0.000000, 1282, 0, 0, 0, 0, 1566, 641 
0.000000, 1284, 0, 0, 0, 0, 1566, 642 
0.000000, 1284, 0, 0, 0, 0, 1567, 642 
0.000000, 1286, 0, 0, 0, 0, 1567, 643 
0.000000, 1286, 0, 0, 0, 0, 1568, 643 
0.000000, 1286, 0, 0, 0, 0, 1569, 643 
0.000000, 1286, 0, 0, 0, 0, 1570, 643 
0.000000, 1286, 0, 0, 0, 0, 1571, 643 
0.000000, 1288, 0, 0, 0, 0, 1571, 644 
0.000000, 1288, 0, 0, 0, 0, 1572, 644 
0.000000, 1288, 0, 0, 0, 0, 1573, 644 
0.000000, 1288, 0, 0, 0, 0, 1574, 644 
0.000000, 1288, 0, 0, 0, 0, 1575, 644 
0.000000, 1288, 0, 0, 0, 0, 1576, 644 
0.000000, 1290, 0, 0, 0, 0, 1576, 645 
0.000000, 1290, 0, 0, 0, 0, 1577, 645 
0.000000, 1290, 0, 0, 0, 0, 1578, 645 
0.000000, 1290, 0, 0, 0, 0, 1579, 645 
0.000000, 1292, 0, 0, 0, 0, 1579, 646 
0.000000, 1292, 0, 0, 0, 0, 1580, 646 
0.000000, 1292, 0, 0, 0, 0, 1581, 646 
0.000000, 1294, 0, 0, 0, 0, 1581, 647 
0.000000, 1294, 0, 0, 0, 0, 1582, 647 
0.000000, 1296, 0, 0, 0, 0, 1582, 648 
0.000000, 1296, 0, 0, 0, 0, 1583, 648 
0.000000, 1298, 0, 0, 0, 0, 1583, 649 
0.000000, 1298, 0, 0, 0, 0, 1584, 649 
0.000000, 1300, 0, 0, 0, 0, 1584, 650 
0.000000, 1300, 0, 0, 0, 0, 1585, 650 
0.000000, 1300, 0, 0, 0, 0, 1586, 650 
0.000000, 1302, 0, 0, 0, 0, 1586, 651 
0.000000, 1302, 0, 0, 0, 0, 1587, 651 
0.000000, 1302, 0, 0, 0, 0, 1588, 651 
0.000000, 1302, 0, 0, 0, 0, 1589, 651 
0.000000, 1304, 0, 0, 0, 0, 1589, 652 
0.000000, 1304, 0, 0, 0, 0, 1590, 652 
0.000000, 1306, 0, 0, 0, 0, 1590, 653 
0.000000, 1306, 0, 0, 0, 0, 1591, 653 
0.000000, 1308, 0, 0, 0, 0, 1591, 654 
0.000000, 1308, 0, 0, 0, 0, 1592, 654 
0.000000, 1308, 0, 0, 0, 0, 1593, 654 
0.000000, 1308, 0, 0, 0, 0, 1594, 654 
0.000000, 1310, 0, 0, 0, 0, 1594, 655 
0.000000, 1310, 0, 0, 0, 0, 1595, 655 
0.000000, 1310, 0, 0, 0, 0, 1596, 655 
0.000000, 1312, 0, 0, 0, 0, 1596, 656 
0.000000, 1312, 0, 0, 0, 0, 1597, 656 
0.000000, 1312, 0, 0, 0, 0, 1598, 656 
0.000000, 1312, 0, 0, 0, 0, 1599, 656 
0.000000, 1312, 0, 0, 0, 0, 1600, 656 
0.000000, 1314, 0, 0, 0, 0, 1600, 657 
0.000000, 1314, 0, 0, 0, 0, 1601, 657 
0.000000, 1314, 0, 0, 0, 0, 1602, 657 
0.000000, 1316, 0, 0, 0, 0, 1602, 658 
0.000000, 1316, 0, 0, 0, 0, 1603, 658 
0.000000, 1316, 0, 0, 0, 0, 1604, 658 
0.000000, 1318, 0, 0, 0, 0, 1604, 659 
0.000000, 1318, 0, 0, 0, 0, 1605, 659 
0.000000, 1318, 0, 0, 0, 0, 1606, 659 
0.000000, 1320, 0, 0, 0, 0, 1606, 660 
0.000000, 1320, 0, 0, 0, 0, 1607, 660 
0.000000, 1320, 0, 0, 0, 0, 1608, 660 
0.000000, 1322, 0, 0, 0, 0, 1608, 661 
0.000000, 1322, 0, 0, 0, 0, 1609, 661 
0.000000, 1324, 0, 0, 0, 0, 1609, 662 
0.000000, 1324, 0, 0, 0, 0, 1610, 662 
0.000000, 1326, 0, 0, 0, 0, 1610, 663 
0.000000, 1326, 0, 0, 0, 0, 1611, 663 
0.000000, 1326, 0, 0, 0, 0, 1612, 663 
0.000000, 1326, 0, 0, 0, 0, 1613, 663 
0.000000, 1326, 0, 0, 0, 0, 1614, 663 
0.000000, 1328, 0, 0, 0, 0, 1614, 664 
0.000000, 1328, 0, 0, 0, 0, 1615, 664 
0.000000, 1330, 0, 0, 0, 0, 1615, 665 
0.000000, 1330, 0, 0, 0, 0, 1616, 665 
0.000000, 1332, 0, 0, 0, 0, 1616, 666 
0.000000, 1332, 0, 0, 0, 0, 1617, 666 
0.000000, 1334, 0, 0, 0, 0, 1617, 667 
0.000000, 1334, 0, 0, 0, 0, 1618, 667 
0.000000, 1336, 0, 0, 0, 0, 1618, 668 
0.000000, 1336, 0, 0, 0, 0, 1619, 668 
0.000000, 1336, 0, 0, 0, 0, 1620, 668 
0.000000, 1338, 0, 0, 0, 0, 1620, 669 
0.000000, 1338, 0, 0, 0, 0, 1621, 669 
0.000000, 1338, 0, 0, 0, 0, 1622, 669 
0.000000, 1338, 0, 0, 0, 0, 1623, 669 
0.000000, 1338, 0, 0, 0, 0, 1624, 669 
0.000000, 1340, 0, 0, 0, 0, 1624, 670 
0.000000, 1340, 0, 0, 0, 0, 1625, 670 
0.000000, 1342, 0, 0, 0, 0, 1625, 671 
0.000000, 1342, 0, 0, 0, 0, 1626, 671 
0.000000, 1344, 0, 0, 0, 0, 1626, 672 
0.000000, 1344, 0, 0, 0, 0, 1627, 672 
0.000000, 1344, 0, 0, 0, 0, 1628, 672 
0.000000, 1344, 0, 0, 0, 0, 1629, 672 
0.000000, 1344, 0, 0, 0, 0, 1630, 672 
0.000000, 1346, 0, 0, 0, 0, 1630, 673 
0.000000, 1346, 0, 0, 0, 0, 1631, 673 
0.000000, 1346, 0, 0, 0, 0, 1632, 673 
0.000000, 1348, 0, 0, 0, 0, 1632, 674 
0.000000, 1348, 0, 0, 0, 0, 1633, 674 
0.000000, 1348, 0, 0, 0, 0, 1634, 674 
0.000000, 1348, 0, 0, 0, 0, 1635, 674 
0.000000, 1348, 0, 0, 0, 0, 1636, 674 
0.000000, 1348, 0, 0, 0, 0, 1637, 674 
0.000000, 1348, 0, 0, 0, 0, 1638, 674 
0.000000, 1348, 0, 0, 0, 0, 1639, 674 
0.000000, 1348, 0, 0, 0, 0, 1640, 674 
0.000000, 1348, 0, 0, 0, 0, 1641, 674 
0.000000, 1348, 0, 0, 0, 0, 1642, 674 
0.000000, 1350, 0, 0, 0, 0, 1642, 675 
0.000000, 1350, 0, 0, 0, 0, 1643, 675 
0.000000, 1352, 0, 0, 0, 0, 1643, 676 
0.000000, 1352, 0, 0, 0, 0, 1644, 676 
0.000000, 1352, 0, 0, 0, 0, 1645, 676 
0.000000, 1354, 0, 0, 0, 0, 1645, 677 
0.000000, 1354, 0, 0, 0, 0, 1646, 677 
0.000000, 1354, 0, 0, 0, 0, 1647, 677 
0.000000, 1354, 0, 0, 0, 0, 1648, 677 
0.000000, 1354, 0, 0, 0, 0, 1649, 677 
0.000000, 1354, 0, 0, 0, 0, 1650, 677 
0.000000, 1354, 0, 0, 0, 0, 1651, 677 
0.000000, 1354, 0, 0, 0, 0, 1652, 677 
0.000000, 1354, 0, 0, 0, 0, 1653, 677 
0.000000, 1356, 0, 0, 0, 0, 1653, 678 
0.000000, 1356, 0, 0, 0, 0, 1654, 678 
0.000000, 1356, 0, 0, 0, 0, 1655, 678 
0.000000, 1358, 0, 0, 0, 0, 1655, 679 
0.000000, 1358, 0, 0, 0, 0, 1656, 679 
0.000000, 1360, 0, 0, 0, 0, 1656, 680 
0.000000, 1360, 0, 0, 0, 0, 1657, 680 
0.000000, 1360, 0, 0, 0, 0, 1658, 680 
0.000000, 1360, 0, 0, 0, 0, 1659, 680 
0.000000, 1360, 0, 0, 0, 0, 1660, 680 
0.000000, 1362, 0, 0, 0, 0, 1660, 681 
0.000000, 1362, 0, 0, 0, 0, 1661, 681 
0.000000, 1364, 0, 0, 0, 0, 1661, 682 
0.000000, 1364, 0, 0, 0, 0, 1662, 682 
0.000000, 1364, 0, 0, 0, 0, 1663, 682 
0.000000, 1364, 0, 0, 0, 0, 1664, 682 
0.000000, 1364, 0, 0, 0, 0, 1665, 682 
0.000000, 1366, 0, 0, 0, 0, 1665, 683 
0.000000, 1366, 0, 0, 0, 0, 1666, 683 
0.000000, 1368, 0, 0, 0, 0, 1666, 684 
0.000000, 1368, 0, 0, 0, 0, 1667, 684 
0.000000, 1368, 0, 0, 0, 0, 1668, 684 
0.000000, 1370, 0, 0, 0, 0, 1668, 685 
0.000000, 1370, 0, 0, 0, 0, 1669, 685 
0.000000, 1372, 0, 0, 0, 0, 1669, 686 
0.000000, 1372, 0, 0, 0, 0, 1670, 686 
0.000000, 1372, 0, 0, 0, 0, 1671, 686 
0.000000, 1372, 0, 0, 0, 0, 1672, 686 
0.000000, 1372, 0, 0, 0, 0, 1673, 686 
0.000000, 1374, 0, 0, 0, 0, 1673, 687 
0.000000, 1374, 0, 0, 0, 0, 1674, 687 
0.000000, 1374, 0, 0, 0, 0, 1675, 687 
0.000000, 1376, 0, 0, 0, 0, 1675, 688 
0.000000, 1376, 0, 0, 0, 0, 1676, 688 
0.000000, 1378, 0, 0, 0, 0, 1676, 689 
0.000000, 1378, 0, 0, 0, 0, 1677, 689 
0.000000, 1380, 0, 0, 0, 0, 1677, 690 
0.000000, 1380, 0, 0, 0, 0, 1678, 690 
0.000000, 1380, 0, 0, 0, 0, 1679, 690 
0.000000, 1380, 0, 0, 0, 0, 1680, 690 
0.000000, 1380, 0, 0, 0, 0, 1681, 690 
0.000000, 1382, 0, 0, 0, 0, 1681, 691 
0.000000, 1382, 0, 0, 0, 0, 1682, 691 
0.000000, 1382, 0, 0, 0, 0, 1683, 691 
0.000000, 1384, 0, 0, 0, 0, 1683, 692 
0.000000, 1384, 0, 0, 0, 0, 1684, 692 
0.000000, 1384, 0, 0, 0, 0, 1685, 692 
0.000000, 1386, 0, 0, 0, 0, 1685, 693 
0.000000, 1386, 0, 0, 0, 0, 1686, 693 
0.000000, 1386, 0, 0, 0, 0, 1687, 693 
0.000000, 1386, 0, 0, 0, 0, 1688, 693 
0.000000, 1388, 0, 0, 0, 0, 1688, 694 
0.000000, 1388, 0, 0, 0, 0, 1689, 694 
0.000000, 1390, 0, 0, 0, 0, 1689, 695 
0.000000, 1390, 0, 0, 0, 0, 1690, 695 
0.000000, 1392, 0, 0, 0, 0, 1690, 696 
0.000000, 1392, 0, 0, 0, 0, 1691, 696 
0.000000, 1394, 0, 0, 0, 0, 1691, 697 
0.000000, 1394, 0, 0, 0, 0, 1692, 697 
0.000000, 1394, 0, 0, 0, 0, 1693, 697 
0.000000, 1394, 0, 0, 0, 0, 1694, 697 
0.000000, 1396, 0, 0, 0, 0, 1694, 698 
0.000000, 1396, 0, 0, 0, 0, 1695, 698 
0.000000, 1398, 0, 0, 0, 0, 1695, 699 
0.000000, 1398, 0, 0, 0, 0, 1696, 699 
0.000000, 1398, 0, 0, 0, 0, 1697, 699 
0.000000, 1398, 0, 0, 0, 0, 1698, 699 
0.000000, 1398, 0, 0, 0, 0, 1699, 699 
0.000000, 1400, 0, 0, 0, 0, 1699, 700 
0.000000, 1400, 0, 0, 0, 0, 1700, 700 
0.000000, 1400, 0, 0, 0, 0, 1701, 700 
0.000000, 1402, 0, 0, 0, 0, 1701, 701 
0.000000, 1402, 0, 0, 0, 0, 1702, 701 
0.000000, 1404, 0, 0, 0, 0, 1702, 702 
0.000000, 1404, 0, 0, 0, 0, 1703, 702 
0.000000, 1404, 0, 0, 0, 0, 1704, 702 
0.000000, 1406, 0, 0, 0, 0, 1704, 703 
0.0